-- mysqldump-php https://github.com/ifsnop/mysqldump-php
--
-- Host: localhost	Database: u657893346_kidsstation
-- ------------------------------------------------------
-- Server version 	5.7.33
-- Date: Wed, 04 Jan 2023 16:16:43 +0200

/*!40101 SET @OLD_CHARACTER_SET_CLIENT=@@CHARACTER_SET_CLIENT */;
/*!40101 SET @OLD_CHARACTER_SET_RESULTS=@@CHARACTER_SET_RESULTS */;
/*!40101 SET @OLD_COLLATION_CONNECTION=@@COLLATION_CONNECTION */;
/*!40101 SET NAMES utf8 */;
/*!40103 SET @OLD_TIME_ZONE=@@TIME_ZONE */;
/*!40103 SET TIME_ZONE='+00:00' */;
/*!40014 SET @OLD_UNIQUE_CHECKS=@@UNIQUE_CHECKS, UNIQUE_CHECKS=0 */;
/*!40014 SET @OLD_FOREIGN_KEY_CHECKS=@@FOREIGN_KEY_CHECKS, FOREIGN_KEY_CHECKS=0 */;
/*!40101 SET @OLD_SQL_MODE=@@SQL_MODE, SQL_MODE='NO_AUTO_VALUE_ON_ZERO' */;
/*!40111 SET @OLD_SQL_NOTES=@@SQL_NOTES, SQL_NOTES=0 */;

--
-- Table structure for table `about_us`
--

/*!40101 SET @saved_cs_client     = @@character_set_client */;
/*!40101 SET character_set_client = utf8 */;
CREATE TABLE `about_us` (
  `id` bigint(20) unsigned NOT NULL AUTO_INCREMENT,
  `title` varchar(255) COLLATE utf8mb4_unicode_ci DEFAULT NULL,
  `sub_title` varchar(255) COLLATE utf8mb4_unicode_ci DEFAULT NULL,
  `video` varchar(255) COLLATE utf8mb4_unicode_ci DEFAULT NULL,
  `type` enum('image','video') COLLATE utf8mb4_unicode_ci DEFAULT 'image',
  `desc` text COLLATE utf8mb4_unicode_ci,
  `created_at` timestamp NULL DEFAULT NULL,
  `updated_at` timestamp NULL DEFAULT NULL,
  PRIMARY KEY (`id`)
) ENGINE=InnoDB AUTO_INCREMENT=11 DEFAULT CHARSET=utf8mb4 COLLATE=utf8mb4_unicode_ci;
/*!40101 SET character_set_client = @saved_cs_client */;

--
-- Dumping data for table `about_us`
--

LOCK TABLES `about_us` WRITE;
/*!40000 ALTER TABLE `about_us` DISABLE KEYS */;
SET autocommit=0;
INSERT INTO `about_us` VALUES (5,'UNMATCHED CONCEPT','CHALLENGING YET ENERGIZING',NULL,'image','At Sky Park, your courage will be put to test. Nothing can satisfy your lust for adventure as a set of professional obstacle courses elevated on three levels. and the higher up you go, the more challenging it will get. So, take a deep breath and set your sails towards Sky Park to prove yourself the ultimate champ. Obstacle courses are established on four levels, Junior, Novice, Intermediate, and Expert. Each path goes another level higher than the one before and features some more challenging obstacles. No, we didn’t forget about our little ones. Children up to 5 years old have their own special route with obstacles tailored to match their age. Once you succeed to complete your mission and reach the finish line, your lips won’t refrain from keeping a smile on hold for the next couple of days.....','2022-03-06 06:10:40','2022-07-25 09:38:19'),(10,'SELF ACCOMPLISHMENT IS','OUR PHILOSOPHY','assets/uploads/about_us/66171646554047.mp4','video','Diamonds are formed through millions of years of intense heat and pressure, but watch how they came out to be. It’s just the same with humans, we always learn and come out better after passing through hardships and overcoming them. That’s what we aim at spreading through Sky Park. Once you decide to cling your harness to the course, there’s only one way down and that’s right at the end of your path. But as soon as you overcome your challenge you won’t be the same person who came up; A new, more joyful, more confident being who is always willing to take the risk and prove to himself that he is stronger.','2022-03-07 10:26:46','2022-03-06 06:07:27');
/*!40000 ALTER TABLE `about_us` ENABLE KEYS */;
UNLOCK TABLES;
COMMIT;

-- Dumped table `about_us` with 2 row(s)
--

--
-- Table structure for table `activities`
--

/*!40101 SET @saved_cs_client     = @@character_set_client */;
/*!40101 SET character_set_client = utf8 */;
CREATE TABLE `activities` (
  `id` bigint(20) unsigned NOT NULL AUTO_INCREMENT,
  `title` varchar(255) COLLATE utf8mb4_unicode_ci DEFAULT NULL,
  `sub_title` varchar(255) COLLATE utf8mb4_unicode_ci DEFAULT NULL,
  `photo` varchar(255) COLLATE utf8mb4_unicode_ci DEFAULT NULL,
  `desc` text COLLATE utf8mb4_unicode_ci,
  `created_at` timestamp NULL DEFAULT NULL,
  `updated_at` timestamp NULL DEFAULT NULL,
  PRIMARY KEY (`id`)
) ENGINE=InnoDB AUTO_INCREMENT=6 DEFAULT CHARSET=utf8mb4 COLLATE=utf8mb4_unicode_ci;
/*!40101 SET character_set_client = @saved_cs_client */;

--
-- Dumping data for table `activities`
--

LOCK TABLES `activities` WRITE;
/*!40000 ALTER TABLE `activities` DISABLE KEYS */;
SET autocommit=0;
INSERT INTO `activities` VALUES (2,NULL,'EXPERT ?','assets/uploads/activities/46181646040595.jpg','Are you brave enough to walk on some wooden logs supported with nothing but a pair of ropes, or hang on a climbing wall at a height of around 30 meters? One thing is certain to be said, this course is not for the faint-hearted, but once you get it over with, nothing more can stand in your way.','2022-03-28 09:23:18','2022-02-28 09:29:55'),(3,'OR JUST','SKILLED ?','assets/uploads/activities/29401646040675.jpg','This course is designed to put your physical and mental skills up to the test. A challenge that would make your mind erupt with joy and your heart with pleasure. Your knees might be shaking but a smile is certain to stay put on your face.','2022-03-27 09:23:18','2022-02-28 09:31:15'),(4,'MAYBE YOU\'RE A','NOVICE ?','assets/uploads/activities/36491646040722.jpg','If you are still a newbie when it comes to climbing and hanging on ropes, or if you just need a warmup prior to going rough. the orange course is your best choice. Here, you can test your skills before going wild on a tougher and higher level.','2022-03-26 09:23:18','2022-02-28 09:32:02'),(5,'I AM JUST A','JUNIOR  !','assets/uploads/activities/71351646040771.jpg','Who said adventure is only for adults?! Sky Park has a special course designed with our little, beloved ones in mind, offering them the same challenging experience but with a touch of simplicity.','2022-03-25 09:23:18','2022-02-28 09:32:51');
/*!40000 ALTER TABLE `activities` ENABLE KEYS */;
UNLOCK TABLES;
COMMIT;

-- Dumped table `activities` with 4 row(s)
--

--
-- Table structure for table `admins`
--

/*!40101 SET @saved_cs_client     = @@character_set_client */;
/*!40101 SET character_set_client = utf8 */;
CREATE TABLE `admins` (
  `id` bigint(20) unsigned NOT NULL AUTO_INCREMENT,
  `name` varchar(255) COLLATE utf8mb4_unicode_ci DEFAULT NULL,
  `email` varchar(255) COLLATE utf8mb4_unicode_ci DEFAULT NULL,
  `password` varchar(255) COLLATE utf8mb4_unicode_ci DEFAULT NULL,
  `photo` varchar(255) COLLATE utf8mb4_unicode_ci DEFAULT NULL,
  `created_at` timestamp NULL DEFAULT NULL,
  `updated_at` timestamp NULL DEFAULT NULL,
  `uploaded` varchar(5) COLLATE utf8mb4_unicode_ci NOT NULL DEFAULT '0',
  PRIMARY KEY (`id`),
  UNIQUE KEY `admins_email_unique` (`email`)
) ENGINE=InnoDB AUTO_INCREMENT=45 DEFAULT CHARSET=utf8mb4 COLLATE=utf8mb4_unicode_ci;
/*!40101 SET character_set_client = @saved_cs_client */;

--
-- Dumping data for table `admins`
--

LOCK TABLES `admins` WRITE;
/*!40000 ALTER TABLE `admins` DISABLE KEYS */;
SET autocommit=0;
INSERT INTO `admins` VALUES (1,'admin','admin@kidsstation.fun','$2y$10$GsY3iU6DbDM9xuIUvc665eapl/V5jJ8AxGt1wFL9TVP.NdavMsQF2',NULL,'2022-02-21 14:30:06','2023-01-02 09:36:37','1'),(21,'developer','dev@dev.com','$2y$10$hXLLqOcXUlEf7iVbDbmy/uaUrM5mwY3Vbxd6c0gC8yl8iq9OT5Cci',NULL,'2022-02-21 14:30:06','2022-07-26 10:09:25','1'),(31,'Sameh','Sameh@kidsstation.fun','$2y$10$anrV5gtV3AIlRnbkgHoWzOTwiaDvtZfcXpFJnObbsKn8i4LnC9Jmy',NULL,'2022-11-01 14:09:31','2022-11-01 14:09:31','1'),(32,'Hossam','Hossam@kidsstation.fun','$2y$10$uKCLMzPqaAHqIVr06GIF3.iN9KbUttmsv.NMK5Qks3yWd81chlftC',NULL,'2022-11-01 14:12:16','2022-11-01 14:12:16','1'),(33,'Maha','Maha@kidsstation.fun','$2y$10$3ueRX3SHWcnYKHDcUqGWEOBUq9NiOqAUzdyraFejagGKsJlACdRFW',NULL,'2022-11-01 14:13:27','2022-11-01 14:13:27','1'),(38,'Maha_rr','Maharrrrr@kidsstation.fun','$2y$10$3ueRX3SHWcnYKHDcUqGWEOBUq9NiOqAUzdyraFejagGKsJlACdRFW',NULL,'2022-12-01 14:36:23','2022-12-01 14:36:23','1'),(39,'Maha_rr_app','Maharrrrrapp@kidsstation.fun','$2y$10$3ueRX3SHWcnYKHDcUqGWEOBUq9NiOqAUzdyraFejagGKsJlACdRFW',NULL,'2022-12-01 14:51:19','2022-12-01 14:51:19','1'),(40,'ali','cairo123@gmail.com','$2y$10$gNucRfUY7gAXTG1HAemm1OeuUrpM1vFrdTQF25YlrKpFrvYoVX82K',NULL,'2022-12-02 14:04:04','2022-12-02 14:04:04','1'),(41,'call','call123@gmailcom','$2y$10$JYVdJxGhSwoXYDsF8COF1Ode8gOTmGe7KNGmP8Sau6TNfNsbAHt/a',NULL,'2022-12-02 14:11:23','2022-12-02 14:11:23','1'),(42,'ddd','ddddddd@gmail.com','$2y$10$jr476YzICv54lPthGM47K.s/zXf218uDmDpBZo9E.yKPzVk3GRjbG',NULL,'2022-12-02 14:16:01','2022-12-02 14:16:01','1'),(43,'admin','admin@admin.fun','$2y$10$LJMoXGcOug8OPEcL9gYDq.0k7XRjpCel/c4cr8j.PRMAxIbb8OX3K',NULL,'2022-02-21 14:30:06','2022-10-17 10:30:50','1'),(44,'admin','admin@admin.com','$2y$10$VoIm2I9WuHwv/pT2oo2jMOSKwkYTZfoFItY8bAqW9/v8oCQnR3DVa',NULL,'2022-02-21 14:30:06','2023-01-02 09:36:07','1');
/*!40000 ALTER TABLE `admins` ENABLE KEYS */;
UNLOCK TABLES;
COMMIT;

-- Dumped table `admins` with 12 row(s)
--

--
-- Table structure for table `bracelets`
--

/*!40101 SET @saved_cs_client     = @@character_set_client */;
/*!40101 SET character_set_client = utf8 */;
CREATE TABLE `bracelets` (
  `id` bigint(20) unsigned NOT NULL AUTO_INCREMENT,
  `title` varchar(255) COLLATE utf8mb4_unicode_ci NOT NULL,
  `status` enum('0','1') COLLATE utf8mb4_unicode_ci NOT NULL DEFAULT '1',
  `uploaded` varchar(5) COLLATE utf8mb4_unicode_ci NOT NULL DEFAULT '0',
  `created_at` timestamp NULL DEFAULT NULL,
  `updated_at` timestamp NULL DEFAULT NULL,
  PRIMARY KEY (`id`)
) ENGINE=InnoDB DEFAULT CHARSET=utf8mb4 COLLATE=utf8mb4_unicode_ci;
/*!40101 SET character_set_client = @saved_cs_client */;

--
-- Dumping data for table `bracelets`
--

LOCK TABLES `bracelets` WRITE;
/*!40000 ALTER TABLE `bracelets` DISABLE KEYS */;
SET autocommit=0;
/*!40000 ALTER TABLE `bracelets` ENABLE KEYS */;
UNLOCK TABLES;
COMMIT;

-- Dumped table `bracelets` with 0 row(s)
--

--
-- Table structure for table `capacity_days`
--

/*!40101 SET @saved_cs_client     = @@character_set_client */;
/*!40101 SET character_set_client = utf8 */;
CREATE TABLE `capacity_days` (
  `id` bigint(20) unsigned NOT NULL AUTO_INCREMENT,
  `count` bigint(20) DEFAULT '1250',
  `status` varchar(5) COLLATE utf8mb4_unicode_ci DEFAULT '1',
  `day` date NOT NULL,
  `created_at` timestamp NULL DEFAULT NULL,
  `updated_at` timestamp NULL DEFAULT NULL,
  PRIMARY KEY (`id`)
) ENGINE=InnoDB AUTO_INCREMENT=550 DEFAULT CHARSET=utf8mb4 COLLATE=utf8mb4_unicode_ci;
/*!40101 SET character_set_client = @saved_cs_client */;

--
-- Dumping data for table `capacity_days`
--

LOCK TABLES `capacity_days` WRITE;
/*!40000 ALTER TABLE `capacity_days` DISABLE KEYS */;
SET autocommit=0;
INSERT INTO `capacity_days` VALUES (1,1250,'1','2022-07-01','2022-07-25 22:34:27','2022-07-25 22:34:27'),(2,1250,'1','2022-07-02','2022-07-25 22:34:27','2022-07-25 22:34:27'),(3,1250,'1','2022-07-03','2022-07-25 22:34:27','2022-07-25 22:34:27'),(4,1250,'1','2022-07-04','2022-07-25 22:34:27','2022-07-25 22:34:27'),(5,1250,'1','2022-07-05','2022-07-25 22:34:27','2022-07-25 22:34:27'),(6,1250,'1','2022-07-06','2022-07-25 22:34:27','2022-07-25 22:34:27'),(7,1250,'1','2022-07-07','2022-07-25 22:34:27','2022-07-25 22:34:27'),(8,1250,'1','2022-07-08','2022-07-25 22:34:27','2022-07-25 22:34:27'),(9,1250,'1','2022-07-09','2022-07-25 22:34:27','2022-07-25 22:34:27'),(10,1250,'1','2022-07-10','2022-07-25 22:34:27','2022-07-25 22:34:27'),(11,1250,'1','2022-07-11','2022-07-25 22:34:27','2022-07-25 22:34:27'),(12,1250,'1','2022-07-12','2022-07-25 22:34:27','2022-07-25 22:34:27'),(13,1250,'1','2022-07-13','2022-07-25 22:34:27','2022-07-25 22:34:27'),(14,1250,'1','2022-07-14','2022-07-25 22:34:27','2022-07-25 22:34:27'),(15,1250,'1','2022-07-15','2022-07-25 22:34:27','2022-07-25 22:34:27'),(16,1250,'1','2022-07-16','2022-07-25 22:34:27','2022-07-25 22:34:27'),(17,1250,'1','2022-07-17','2022-07-25 22:34:27','2022-07-25 22:34:27'),(18,1250,'1','2022-07-18','2022-07-25 22:34:27','2022-07-25 22:34:27'),(19,1250,'1','2022-07-19','2022-07-25 22:34:27','2022-07-25 22:34:27'),(20,1250,'1','2022-07-20','2022-07-25 22:34:27','2022-07-25 22:34:27'),(21,1250,'1','2022-07-21','2022-07-25 22:34:27','2022-07-25 22:34:27'),(22,1250,'1','2022-07-22','2022-07-25 22:34:27','2022-07-25 22:34:27'),(23,1250,'1','2022-07-23','2022-07-25 22:34:27','2022-07-25 22:34:27'),(24,1250,'1','2022-07-24','2022-07-25 22:34:27','2022-07-25 22:34:27'),(25,1250,'1','2022-07-25','2022-07-25 22:34:27','2022-07-25 22:34:27'),(26,1250,'1','2022-07-26','2022-07-25 22:34:27','2022-07-25 22:34:27'),(27,1250,'1','2022-07-27','2022-07-25 22:34:27','2022-07-25 22:34:27'),(28,1250,'1','2022-07-28','2022-07-25 22:34:27','2022-07-25 22:34:27'),(29,1250,'1','2022-07-29','2022-07-25 22:34:27','2022-07-25 22:34:27'),(30,1250,'1','2022-07-30','2022-07-25 22:34:27','2022-07-25 22:34:27'),(31,1250,'1','2022-07-31','2022-07-25 22:34:27','2022-07-25 22:34:27'),(32,1250,'1','2022-08-01','2022-07-25 22:34:27','2022-07-25 22:34:27'),(33,1250,'1','2022-08-02','2022-07-25 22:34:27','2022-07-25 22:34:27'),(34,1250,'1','2022-08-03','2022-07-25 22:34:27','2022-07-25 22:34:27'),(35,1250,'1','2022-08-04','2022-07-25 22:34:27','2022-07-25 22:34:27'),(36,1250,'1','2022-08-05','2022-07-25 22:34:27','2022-07-25 22:34:27'),(37,1250,'1','2022-08-06','2022-07-25 22:34:27','2022-07-25 22:34:27'),(38,1250,'1','2022-08-07','2022-07-25 22:34:27','2022-07-25 22:34:27'),(39,1250,'1','2022-08-08','2022-07-25 22:34:27','2022-07-25 22:34:27'),(40,1250,'1','2022-08-09','2022-07-25 22:34:27','2022-07-25 22:34:27'),(41,1250,'1','2022-08-10','2022-07-25 22:34:27','2022-07-25 22:34:27'),(42,1250,'1','2022-08-11','2022-07-25 22:34:27','2022-07-25 22:34:27'),(43,1250,'1','2022-08-12','2022-07-25 22:34:27','2022-07-25 22:34:27'),(44,1250,'1','2022-08-13','2022-07-25 22:34:27','2022-07-25 22:34:27'),(45,1250,'1','2022-08-14','2022-07-25 22:34:27','2022-07-25 22:34:27'),(46,1250,'1','2022-08-15','2022-07-25 22:34:27','2022-07-25 22:34:27'),(47,1250,'1','2022-08-16','2022-07-25 22:34:27','2022-07-25 22:34:27'),(48,1250,'1','2022-08-17','2022-07-25 22:34:27','2022-07-25 22:34:27'),(49,1250,'1','2022-08-18','2022-07-25 22:34:27','2022-07-25 22:34:27'),(50,1250,'1','2022-08-19','2022-07-25 22:34:27','2022-07-25 22:34:27'),(51,1250,'1','2022-08-20','2022-07-25 22:34:27','2022-07-25 22:34:27'),(52,1250,'1','2022-08-21','2022-07-25 22:34:27','2022-07-25 22:34:27'),(53,1250,'1','2022-08-22','2022-07-25 22:34:27','2022-07-25 22:34:27'),(54,1250,'1','2022-08-23','2022-07-25 22:34:27','2022-07-25 22:34:27'),(55,1250,'1','2022-08-24','2022-07-25 22:34:27','2022-07-25 22:34:27'),(56,1250,'1','2022-08-25','2022-07-25 22:34:27','2022-07-25 22:34:27'),(57,1250,'1','2022-08-26','2022-07-25 22:34:27','2022-07-25 22:34:27'),(58,1250,'1','2022-08-27','2022-07-25 22:34:27','2022-07-25 22:34:27'),(59,1250,'1','2022-08-28','2022-07-25 22:34:27','2022-07-25 22:34:27'),(60,1250,'1','2022-08-29','2022-07-25 22:34:27','2022-07-25 22:34:27'),(61,1250,'1','2022-08-30','2022-07-25 22:34:27','2022-07-25 22:34:27'),(62,1250,'1','2022-08-31','2022-07-25 22:34:27','2022-07-25 22:34:27'),(63,1250,'1','2022-09-01','2022-07-25 22:34:27','2022-07-25 22:34:27'),(64,1250,'1','2022-09-02','2022-07-25 22:34:27','2022-07-25 22:34:27'),(65,1250,'1','2022-09-03','2022-07-25 22:34:27','2022-07-25 22:34:27'),(66,1250,'1','2022-09-04','2022-07-25 22:34:27','2022-07-25 22:34:27'),(67,1250,'1','2022-09-05','2022-07-25 22:34:27','2022-07-25 22:34:27'),(68,1250,'1','2022-09-06','2022-07-25 22:34:27','2022-07-25 22:34:27'),(69,1250,'1','2022-09-07','2022-07-25 22:34:27','2022-07-25 22:34:27'),(70,1250,'1','2022-09-08','2022-07-25 22:34:27','2022-07-25 22:34:27'),(71,1250,'1','2022-09-09','2022-07-25 22:34:27','2022-07-25 22:34:27'),(72,1250,'1','2022-09-10','2022-07-25 22:34:27','2022-07-25 22:34:27'),(73,1250,'1','2022-09-11','2022-07-25 22:34:27','2022-07-25 22:34:27'),(74,1250,'1','2022-09-12','2022-07-25 22:34:27','2022-07-25 22:34:27'),(75,1250,'1','2022-09-13','2022-07-25 22:34:27','2022-07-25 22:34:27'),(76,1250,'1','2022-09-14','2022-07-25 22:34:27','2022-07-25 22:34:27'),(77,1250,'1','2022-09-15','2022-07-25 22:34:27','2022-07-25 22:34:27'),(78,1250,'1','2022-09-16','2022-07-25 22:34:27','2022-07-25 22:34:27'),(79,1250,'1','2022-09-17','2022-07-25 22:34:27','2022-07-25 22:34:27'),(80,1250,'1','2022-09-18','2022-07-25 22:34:27','2022-07-25 22:34:27'),(81,1250,'1','2022-09-19','2022-07-25 22:34:27','2022-07-25 22:34:27'),(82,1250,'1','2022-09-20','2022-07-25 22:34:27','2022-07-25 22:34:27'),(83,1250,'1','2022-09-21','2022-07-25 22:34:27','2022-07-25 22:34:27'),(84,1250,'1','2022-09-22','2022-07-25 22:34:27','2022-07-25 22:34:27'),(85,1250,'1','2022-09-23','2022-07-25 22:34:27','2022-07-25 22:34:27'),(86,1250,'1','2022-09-24','2022-07-25 22:34:27','2022-07-25 22:34:27'),(87,1250,'1','2022-09-25','2022-07-25 22:34:27','2022-07-25 22:34:27'),(88,1250,'1','2022-09-26','2022-07-25 22:34:27','2022-07-25 22:34:27'),(89,1250,'1','2022-09-27','2022-07-25 22:34:27','2022-07-25 22:34:27'),(90,1250,'1','2022-09-28','2022-07-25 22:34:27','2022-07-25 22:34:27'),(91,1250,'1','2022-09-29','2022-07-25 22:34:27','2022-07-25 22:34:27'),(92,1250,'1','2022-09-30','2022-07-25 22:34:27','2022-07-25 22:34:27'),(93,1250,'1','2022-10-01','2022-07-25 22:34:27','2022-07-25 22:34:27'),(94,1250,'1','2022-10-02','2022-07-25 22:34:27','2022-07-25 22:34:27'),(95,1250,'1','2022-10-03','2022-07-25 22:34:27','2022-07-25 22:34:27'),(96,1250,'1','2022-10-04','2022-07-25 22:34:27','2022-07-25 22:34:27'),(97,1250,'1','2022-10-05','2022-07-25 22:34:27','2022-07-25 22:34:27'),(98,1250,'1','2022-10-06','2022-07-25 22:34:27','2022-07-25 22:34:27'),(99,1250,'1','2022-10-07','2022-07-25 22:34:27','2022-07-25 22:34:27'),(100,1250,'1','2022-10-08','2022-07-25 22:34:27','2022-07-25 22:34:27'),(101,1250,'1','2022-10-09','2022-07-25 22:34:27','2022-07-25 22:34:27'),(102,1250,'1','2022-10-10','2022-07-25 22:34:27','2022-07-25 22:34:27'),(103,1250,'1','2022-10-11','2022-07-25 22:34:27','2022-07-25 22:34:27'),(104,1250,'1','2022-10-12','2022-07-25 22:34:27','2022-07-25 22:34:27'),(105,1250,'1','2022-10-13','2022-07-25 22:34:27','2022-07-25 22:34:27'),(106,1250,'1','2022-10-14','2022-07-25 22:34:27','2022-07-25 22:34:27'),(107,1250,'1','2022-10-15','2022-07-25 22:34:27','2022-07-25 22:34:27'),(108,1250,'1','2022-10-16','2022-07-25 22:34:27','2022-07-25 22:34:27'),(109,1250,'1','2022-10-17','2022-07-25 22:34:27','2022-07-25 22:34:27'),(110,1250,'1','2022-10-18','2022-07-25 22:34:27','2022-07-25 22:34:27'),(111,1250,'1','2022-10-19','2022-07-25 22:34:27','2022-07-25 22:34:27'),(112,1250,'1','2022-10-20','2022-07-25 22:34:27','2022-07-25 22:34:27'),(113,1250,'1','2022-10-21','2022-07-25 22:34:27','2022-07-25 22:34:27'),(114,1250,'1','2022-10-22','2022-07-25 22:34:27','2022-07-25 22:34:27'),(115,1250,'1','2022-10-23','2022-07-25 22:34:27','2022-07-25 22:34:27'),(116,1250,'1','2022-10-24','2022-07-25 22:34:27','2022-07-25 22:34:27'),(117,1250,'1','2022-10-25','2022-07-25 22:34:27','2022-07-25 22:34:27'),(118,1250,'1','2022-10-26','2022-07-25 22:34:27','2022-07-25 22:34:27'),(119,1250,'1','2022-10-27','2022-07-25 22:34:27','2022-07-25 22:34:27'),(120,1250,'1','2022-10-28','2022-07-25 22:34:27','2022-07-25 22:34:27'),(121,1250,'1','2022-10-29','2022-07-25 22:34:27','2022-07-25 22:34:27'),(122,1250,'1','2022-10-30','2022-07-25 22:34:27','2022-07-25 22:34:27'),(123,1250,'1','2022-10-31','2022-07-25 22:34:27','2022-07-25 22:34:27'),(124,1250,'1','2022-11-01','2022-07-25 22:34:27','2022-07-25 22:34:27'),(125,1250,'1','2022-11-02','2022-07-25 22:34:27','2022-07-25 22:34:27'),(126,1250,'1','2022-11-03','2022-07-25 22:34:27','2022-07-25 22:34:27'),(127,1250,'1','2022-11-04','2022-07-25 22:34:27','2022-07-25 22:34:27'),(128,1250,'1','2022-11-05','2022-07-25 22:34:27','2022-07-25 22:34:27'),(129,1250,'1','2022-11-06','2022-07-25 22:34:27','2022-07-25 22:34:27'),(130,1250,'1','2022-11-07','2022-07-25 22:34:27','2022-07-25 22:34:27'),(131,1250,'1','2022-11-08','2022-07-25 22:34:27','2022-07-25 22:34:27'),(132,1250,'1','2022-11-09','2022-07-25 22:34:27','2022-07-25 22:34:27'),(133,1250,'1','2022-11-10','2022-07-25 22:34:27','2022-07-25 22:34:27'),(134,1250,'1','2022-11-11','2022-07-25 22:34:27','2022-07-25 22:34:27'),(135,1250,'1','2022-11-12','2022-07-25 22:34:27','2022-07-25 22:34:27'),(136,1250,'1','2022-11-13','2022-07-25 22:34:27','2022-07-25 22:34:27'),(137,1250,'1','2022-11-14','2022-07-25 22:34:27','2022-07-25 22:34:27'),(138,1250,'1','2022-11-15','2022-07-25 22:34:27','2022-07-25 22:34:27'),(139,1250,'1','2022-11-16','2022-07-25 22:34:27','2022-07-25 22:34:27'),(140,1250,'1','2022-11-17','2022-07-25 22:34:27','2022-07-25 22:34:27'),(141,1250,'1','2022-11-18','2022-07-25 22:34:27','2022-07-25 22:34:27'),(142,1250,'1','2022-11-19','2022-07-25 22:34:27','2022-07-25 22:34:27'),(143,1250,'1','2022-11-20','2022-07-25 22:34:27','2022-07-25 22:34:27'),(144,1250,'1','2022-11-21','2022-07-25 22:34:27','2022-07-25 22:34:27'),(145,1250,'1','2022-11-22','2022-07-25 22:34:27','2022-07-25 22:34:27'),(146,1250,'1','2022-11-23','2022-07-25 22:34:27','2022-07-25 22:34:27'),(147,1250,'1','2022-11-24','2022-07-25 22:34:27','2022-07-25 22:34:27'),(148,1250,'1','2022-11-25','2022-07-25 22:34:27','2022-07-25 22:34:27'),(149,1250,'1','2022-11-26','2022-07-25 22:34:27','2022-07-25 22:34:27'),(150,1250,'1','2022-11-27','2022-07-25 22:34:27','2022-07-25 22:34:27'),(151,1250,'1','2022-11-28','2022-07-25 22:34:27','2022-07-25 22:34:27'),(152,1250,'1','2022-11-29','2022-07-25 22:34:27','2022-07-25 22:34:27'),(153,1250,'1','2022-11-30','2022-07-25 22:34:27','2022-07-25 22:34:27'),(154,1250,'1','2022-12-01','2022-07-25 22:34:27','2022-07-25 22:34:27'),(155,1250,'1','2022-12-02','2022-07-25 22:34:27','2022-07-25 22:34:27'),(156,1250,'1','2022-12-03','2022-07-25 22:34:27','2022-07-25 22:34:27'),(157,1250,'1','2022-12-04','2022-07-25 22:34:27','2022-07-25 22:34:27'),(158,1250,'1','2022-12-05','2022-07-25 22:34:27','2022-07-25 22:34:27'),(159,1250,'1','2022-12-06','2022-07-25 22:34:27','2022-07-25 22:34:27'),(160,1250,'1','2022-12-07','2022-07-25 22:34:27','2022-07-25 22:34:27'),(161,1250,'1','2022-12-08','2022-07-25 22:34:27','2022-07-25 22:34:27'),(162,1250,'1','2022-12-09','2022-07-25 22:34:27','2022-07-25 22:34:27'),(163,1250,'1','2022-12-10','2022-07-25 22:34:27','2022-07-25 22:34:27'),(164,1250,'1','2022-12-11','2022-07-25 22:34:27','2022-07-25 22:34:27'),(165,1250,'1','2022-12-12','2022-07-25 22:34:27','2022-07-25 22:34:27'),(166,1250,'1','2022-12-13','2022-07-25 22:34:27','2022-07-25 22:34:27'),(167,1250,'1','2022-12-14','2022-07-25 22:34:27','2022-07-25 22:34:27'),(168,1250,'1','2022-12-15','2022-07-25 22:34:27','2022-07-25 22:34:27'),(169,1250,'1','2022-12-16','2022-07-25 22:34:27','2022-07-25 22:34:27'),(170,1250,'1','2022-12-17','2022-07-25 22:34:27','2022-07-25 22:34:27'),(171,1250,'1','2022-12-18','2022-07-25 22:34:27','2022-07-25 22:34:27'),(172,1250,'1','2022-12-19','2022-07-25 22:34:27','2022-07-25 22:34:27'),(173,1250,'1','2022-12-20','2022-07-25 22:34:27','2022-07-25 22:34:27'),(174,1250,'1','2022-12-21','2022-07-25 22:34:27','2022-07-25 22:34:27'),(175,1250,'1','2022-12-22','2022-07-25 22:34:27','2022-07-25 22:34:27'),(176,1250,'1','2022-12-23','2022-07-25 22:34:27','2022-07-25 22:34:27'),(177,1250,'1','2022-12-24','2022-07-25 22:34:27','2022-07-25 22:34:27'),(178,1250,'1','2022-12-25','2022-07-25 22:34:27','2022-07-25 22:34:27'),(179,1250,'1','2022-12-26','2022-07-25 22:34:27','2022-07-25 22:34:27'),(180,1250,'1','2022-12-27','2022-07-25 22:34:27','2022-07-25 22:34:27'),(181,1250,'1','2022-12-28','2022-07-25 22:34:27','2022-07-25 22:34:27'),(182,1250,'1','2022-12-29','2022-07-25 22:34:27','2022-07-25 22:34:27'),(183,1250,'1','2022-12-30','2022-07-25 22:34:27','2022-07-25 22:34:27'),(184,1250,'1','2022-12-31','2022-07-25 22:34:27','2022-07-25 22:34:27'),(185,1250,'1','2023-01-01','2022-10-03 10:45:49','2022-10-03 10:45:49'),(186,1250,'1','2023-01-02','2022-10-03 10:45:49','2022-10-03 10:45:49'),(187,1250,'1','2023-01-03','2022-10-03 10:45:49','2022-10-03 10:45:49'),(188,1250,'1','2023-01-04','2022-10-03 10:45:49','2022-10-03 10:45:49'),(189,1250,'1','2023-01-05','2022-10-03 10:45:49','2022-10-03 10:45:49'),(190,1250,'1','2023-01-06','2022-10-03 10:45:49','2022-10-03 10:45:49'),(191,1250,'1','2023-01-07','2022-10-03 10:45:49','2022-10-03 10:45:49'),(192,1250,'1','2023-01-08','2022-10-03 10:45:49','2022-10-03 10:45:49'),(193,1250,'1','2023-01-09','2022-10-03 10:45:49','2022-10-03 10:45:49'),(194,1250,'1','2023-01-10','2022-10-03 10:45:49','2022-10-03 10:45:49'),(195,1250,'1','2023-01-11','2022-10-03 10:45:49','2022-10-03 10:45:49'),(196,1250,'1','2023-01-12','2022-10-03 10:45:49','2022-10-03 10:45:49'),(197,1250,'1','2023-01-13','2022-10-03 10:45:49','2022-10-03 10:45:49'),(198,1250,'1','2023-01-14','2022-10-03 10:45:49','2022-10-03 10:45:49'),(199,1250,'1','2023-01-15','2022-10-03 10:45:49','2022-10-03 10:45:49'),(200,1250,'1','2023-01-16','2022-10-03 10:45:49','2022-10-03 10:45:49'),(201,1250,'1','2023-01-17','2022-10-03 10:45:49','2022-10-03 10:45:49'),(202,1250,'1','2023-01-18','2022-10-03 10:45:49','2022-10-03 10:45:49'),(203,1250,'1','2023-01-19','2022-10-03 10:45:49','2022-10-03 10:45:49'),(204,1250,'1','2023-01-20','2022-10-03 10:45:49','2022-10-03 10:45:49'),(205,1250,'1','2023-01-21','2022-10-03 10:45:49','2022-10-03 10:45:49'),(206,1250,'1','2023-01-22','2022-10-03 10:45:49','2022-10-03 10:45:49'),(207,1250,'1','2023-01-23','2022-10-03 10:45:49','2022-10-03 10:45:49'),(208,1250,'1','2023-01-24','2022-10-03 10:45:49','2022-10-03 10:45:49'),(209,1250,'1','2023-01-25','2022-10-03 10:45:49','2022-10-03 10:45:49'),(210,1250,'1','2023-01-26','2022-10-03 10:45:49','2022-10-03 10:45:49'),(211,1250,'1','2023-01-27','2022-10-03 10:45:49','2022-10-03 10:45:49'),(212,1250,'1','2023-01-28','2022-10-03 10:45:49','2022-10-03 10:45:49'),(213,1250,'1','2023-01-29','2022-10-03 10:45:49','2022-10-03 10:45:49'),(214,1250,'1','2023-01-30','2022-10-03 10:45:49','2022-10-03 10:45:49'),(215,1250,'1','2023-01-31','2022-10-03 10:45:49','2022-10-03 10:45:49'),(216,1250,'1','2023-02-01','2022-10-03 10:45:49','2022-10-03 10:45:49'),(217,1250,'1','2023-02-02','2022-10-03 10:45:49','2022-10-03 10:45:49'),(218,1250,'1','2023-02-03','2022-10-03 10:45:49','2022-10-03 10:45:49'),(219,1250,'1','2023-02-04','2022-10-03 10:45:49','2022-10-03 10:45:49'),(220,1250,'1','2023-02-05','2022-10-03 10:45:49','2022-10-03 10:45:49'),(221,1250,'1','2023-02-06','2022-10-03 10:45:49','2022-10-03 10:45:49'),(222,1250,'1','2023-02-07','2022-10-03 10:45:49','2022-10-03 10:45:49'),(223,1250,'1','2023-02-08','2022-10-03 10:45:49','2022-10-03 10:45:49'),(224,1250,'1','2023-02-09','2022-10-03 10:45:49','2022-10-03 10:45:49'),(225,1250,'1','2023-02-10','2022-10-03 10:45:49','2022-10-03 10:45:49'),(226,1250,'1','2023-02-11','2022-10-03 10:45:49','2022-10-03 10:45:49'),(227,1250,'1','2023-02-12','2022-10-03 10:45:49','2022-10-03 10:45:49'),(228,1250,'1','2023-02-13','2022-10-03 10:45:49','2022-10-03 10:45:49'),(229,1250,'1','2023-02-14','2022-10-03 10:45:49','2022-10-03 10:45:49'),(230,1250,'1','2023-02-15','2022-10-03 10:45:49','2022-10-03 10:45:49'),(231,1250,'1','2023-02-16','2022-10-03 10:45:49','2022-10-03 10:45:49'),(232,1250,'1','2023-02-17','2022-10-03 10:45:49','2022-10-03 10:45:49'),(233,1250,'1','2023-02-18','2022-10-03 10:45:49','2022-10-03 10:45:49'),(234,1250,'1','2023-02-19','2022-10-03 10:45:49','2022-10-03 10:45:49'),(235,1250,'1','2023-02-20','2022-10-03 10:45:49','2022-10-03 10:45:49'),(236,1250,'1','2023-02-21','2022-10-03 10:45:49','2022-10-03 10:45:49'),(237,1250,'1','2023-02-22','2022-10-03 10:45:49','2022-10-03 10:45:49'),(238,1250,'1','2023-02-23','2022-10-03 10:45:49','2022-10-03 10:45:49'),(239,1250,'1','2023-02-24','2022-10-03 10:45:49','2022-10-03 10:45:49'),(240,1250,'1','2023-02-25','2022-10-03 10:45:49','2022-10-03 10:45:49'),(241,1250,'1','2023-02-26','2022-10-03 10:45:49','2022-10-03 10:45:49'),(242,1250,'1','2023-02-27','2022-10-03 10:45:49','2022-10-03 10:45:49'),(243,1250,'1','2023-02-28','2022-10-03 10:45:49','2022-10-03 10:45:49'),(244,1250,'1','2023-03-01','2022-10-03 10:45:49','2022-10-03 10:45:49'),(245,1250,'1','2023-03-02','2022-10-03 10:45:49','2022-10-03 10:45:49'),(246,1250,'1','2023-03-03','2022-10-03 10:45:49','2022-10-03 10:45:49'),(247,1250,'1','2023-03-04','2022-10-03 10:45:49','2022-10-03 10:45:49'),(248,1250,'1','2023-03-05','2022-10-03 10:45:49','2022-10-03 10:45:49'),(249,1250,'1','2023-03-06','2022-10-03 10:45:49','2022-10-03 10:45:49'),(250,1250,'1','2023-03-07','2022-10-03 10:45:49','2022-10-03 10:45:49'),(251,1250,'1','2023-03-08','2022-10-03 10:45:49','2022-10-03 10:45:49'),(252,1250,'1','2023-03-09','2022-10-03 10:45:49','2022-10-03 10:45:49'),(253,1250,'1','2023-03-10','2022-10-03 10:45:49','2022-10-03 10:45:49'),(254,1250,'1','2023-03-11','2022-10-03 10:45:49','2022-10-03 10:45:49'),(255,1250,'1','2023-03-12','2022-10-03 10:45:49','2022-10-03 10:45:49'),(256,1250,'1','2023-03-13','2022-10-03 10:45:49','2022-10-03 10:45:49'),(257,1250,'1','2023-03-14','2022-10-03 10:45:49','2022-10-03 10:45:49'),(258,1250,'1','2023-03-15','2022-10-03 10:45:49','2022-10-03 10:45:49'),(259,1250,'1','2023-03-16','2022-10-03 10:45:49','2022-10-03 10:45:49'),(260,1250,'1','2023-03-17','2022-10-03 10:45:49','2022-10-03 10:45:49'),(261,1250,'1','2023-03-18','2022-10-03 10:45:49','2022-10-03 10:45:49'),(262,1250,'1','2023-03-19','2022-10-03 10:45:49','2022-10-03 10:45:49'),(263,1250,'1','2023-03-20','2022-10-03 10:45:49','2022-10-03 10:45:49'),(264,1250,'1','2023-03-21','2022-10-03 10:45:49','2022-10-03 10:45:49'),(265,1250,'1','2023-03-22','2022-10-03 10:45:49','2022-10-03 10:45:49'),(266,1250,'1','2023-03-23','2022-10-03 10:45:49','2022-10-03 10:45:49'),(267,1250,'1','2023-03-24','2022-10-03 10:45:49','2022-10-03 10:45:49'),(268,1250,'1','2023-03-25','2022-10-03 10:45:49','2022-10-03 10:45:49'),(269,1250,'1','2023-03-26','2022-10-03 10:45:49','2022-10-03 10:45:49'),(270,1250,'1','2023-03-27','2022-10-03 10:45:49','2022-10-03 10:45:49'),(271,1250,'1','2023-03-28','2022-10-03 10:45:49','2022-10-03 10:45:49'),(272,1250,'1','2023-03-29','2022-10-03 10:45:49','2022-10-03 10:45:49'),(273,1250,'1','2023-03-30','2022-10-03 10:45:49','2022-10-03 10:45:49'),(274,1250,'1','2023-03-31','2022-10-03 10:45:49','2022-10-03 10:45:49'),(275,1250,'1','2023-04-01','2022-10-03 10:45:49','2022-10-03 10:45:49'),(276,1250,'1','2023-04-02','2022-10-03 10:45:49','2022-10-03 10:45:49'),(277,1250,'1','2023-04-03','2022-10-03 10:45:49','2022-10-03 10:45:49'),(278,1250,'1','2023-04-04','2022-10-03 10:45:49','2022-10-03 10:45:49'),(279,1250,'1','2023-04-05','2022-10-03 10:45:49','2022-10-03 10:45:49'),(280,1250,'1','2023-04-06','2022-10-03 10:45:49','2022-10-03 10:45:49'),(281,1250,'1','2023-04-07','2022-10-03 10:45:49','2022-10-03 10:45:49'),(282,1250,'1','2023-04-08','2022-10-03 10:45:49','2022-10-03 10:45:49'),(283,1250,'1','2023-04-09','2022-10-03 10:45:49','2022-10-03 10:45:49'),(284,1250,'1','2023-04-10','2022-10-03 10:45:49','2022-10-03 10:45:49'),(285,1250,'1','2023-04-11','2022-10-03 10:45:49','2022-10-03 10:45:49'),(286,1250,'1','2023-04-12','2022-10-03 10:45:49','2022-10-03 10:45:49'),(287,1250,'1','2023-04-13','2022-10-03 10:45:49','2022-10-03 10:45:49'),(288,1250,'1','2023-04-14','2022-10-03 10:45:49','2022-10-03 10:45:49'),(289,1250,'1','2023-04-15','2022-10-03 10:45:49','2022-10-03 10:45:49'),(290,1250,'1','2023-04-16','2022-10-03 10:45:49','2022-10-03 10:45:49'),(291,1250,'1','2023-04-17','2022-10-03 10:45:49','2022-10-03 10:45:49'),(292,1250,'1','2023-04-18','2022-10-03 10:45:49','2022-10-03 10:45:49'),(293,1250,'1','2023-04-19','2022-10-03 10:45:49','2022-10-03 10:45:49'),(294,1250,'1','2023-04-20','2022-10-03 10:45:49','2022-10-03 10:45:49'),(295,1250,'1','2023-04-21','2022-10-03 10:45:49','2022-10-03 10:45:49'),(296,1250,'1','2023-04-22','2022-10-03 10:45:49','2022-10-03 10:45:49'),(297,1250,'1','2023-04-23','2022-10-03 10:45:49','2022-10-03 10:45:49'),(298,1250,'1','2023-04-24','2022-10-03 10:45:49','2022-10-03 10:45:49'),(299,1250,'1','2023-04-25','2022-10-03 10:45:49','2022-10-03 10:45:49'),(300,1250,'1','2023-04-26','2022-10-03 10:45:49','2022-10-03 10:45:49'),(301,1250,'1','2023-04-27','2022-10-03 10:45:49','2022-10-03 10:45:49'),(302,1250,'1','2023-04-28','2022-10-03 10:45:49','2022-10-03 10:45:49'),(303,1250,'1','2023-04-29','2022-10-03 10:45:49','2022-10-03 10:45:49'),(304,1250,'1','2023-04-30','2022-10-03 10:45:49','2022-10-03 10:45:49'),(305,1250,'1','2023-05-01','2022-10-03 10:45:49','2022-10-03 10:45:49'),(306,1250,'1','2023-05-02','2022-10-03 10:45:49','2022-10-03 10:45:49'),(307,1250,'1','2023-05-03','2022-10-03 10:45:49','2022-10-03 10:45:49'),(308,1250,'1','2023-05-04','2022-10-03 10:45:49','2022-10-03 10:45:49'),(309,1250,'1','2023-05-05','2022-10-03 10:45:49','2022-10-03 10:45:49'),(310,1250,'1','2023-05-06','2022-10-03 10:45:49','2022-10-03 10:45:49'),(311,1250,'1','2023-05-07','2022-10-03 10:45:49','2022-10-03 10:45:49'),(312,1250,'1','2023-05-08','2022-10-03 10:45:49','2022-10-03 10:45:49'),(313,1250,'1','2023-05-09','2022-10-03 10:45:49','2022-10-03 10:45:49'),(314,1250,'1','2023-05-10','2022-10-03 10:45:49','2022-10-03 10:45:49'),(315,1250,'1','2023-05-11','2022-10-03 10:45:49','2022-10-03 10:45:49'),(316,1250,'1','2023-05-12','2022-10-03 10:45:49','2022-10-03 10:45:49'),(317,1250,'1','2023-05-13','2022-10-03 10:45:49','2022-10-03 10:45:49'),(318,1250,'1','2023-05-14','2022-10-03 10:45:49','2022-10-03 10:45:49'),(319,1250,'1','2023-05-15','2022-10-03 10:45:49','2022-10-03 10:45:49'),(320,1250,'1','2023-05-16','2022-10-03 10:45:49','2022-10-03 10:45:49'),(321,1250,'1','2023-05-17','2022-10-03 10:45:49','2022-10-03 10:45:49'),(322,1250,'1','2023-05-18','2022-10-03 10:45:49','2022-10-03 10:45:49'),(323,1250,'1','2023-05-19','2022-10-03 10:45:49','2022-10-03 10:45:49'),(324,1250,'1','2023-05-20','2022-10-03 10:45:49','2022-10-03 10:45:49'),(325,1250,'1','2023-05-21','2022-10-03 10:45:49','2022-10-03 10:45:49'),(326,1250,'1','2023-05-22','2022-10-03 10:45:49','2022-10-03 10:45:49'),(327,1250,'1','2023-05-23','2022-10-03 10:45:49','2022-10-03 10:45:49'),(328,1250,'1','2023-05-24','2022-10-03 10:45:49','2022-10-03 10:45:49'),(329,1250,'1','2023-05-25','2022-10-03 10:45:49','2022-10-03 10:45:49'),(330,1250,'1','2023-05-26','2022-10-03 10:45:49','2022-10-03 10:45:49'),(331,1250,'1','2023-05-27','2022-10-03 10:45:49','2022-10-03 10:45:49'),(332,1250,'1','2023-05-28','2022-10-03 10:45:49','2022-10-03 10:45:49'),(333,1250,'1','2023-05-29','2022-10-03 10:45:49','2022-10-03 10:45:49'),(334,1250,'1','2023-05-30','2022-10-03 10:45:49','2022-10-03 10:45:49'),(335,1250,'1','2023-05-31','2022-10-03 10:45:49','2022-10-03 10:45:49'),(336,1250,'1','2023-06-01','2022-10-03 10:45:49','2022-10-03 10:45:49'),(337,1250,'1','2023-06-02','2022-10-03 10:45:49','2022-10-03 10:45:49'),(338,1250,'1','2023-06-03','2022-10-03 10:45:49','2022-10-03 10:45:49'),(339,1250,'1','2023-06-04','2022-10-03 10:45:49','2022-10-03 10:45:49'),(340,1250,'1','2023-06-05','2022-10-03 10:45:49','2022-10-03 10:45:49'),(341,1250,'1','2023-06-06','2022-10-03 10:45:49','2022-10-03 10:45:49'),(342,1250,'1','2023-06-07','2022-10-03 10:45:49','2022-10-03 10:45:49'),(343,1250,'1','2023-06-08','2022-10-03 10:45:49','2022-10-03 10:45:49'),(344,1250,'1','2023-06-09','2022-10-03 10:45:49','2022-10-03 10:45:49'),(345,1250,'1','2023-06-10','2022-10-03 10:45:49','2022-10-03 10:45:49'),(346,1250,'1','2023-06-11','2022-10-03 10:45:49','2022-10-03 10:45:49'),(347,1250,'1','2023-06-12','2022-10-03 10:45:49','2022-10-03 10:45:49'),(348,1250,'1','2023-06-13','2022-10-03 10:45:49','2022-10-03 10:45:49'),(349,1250,'1','2023-06-14','2022-10-03 10:45:49','2022-10-03 10:45:49'),(350,1250,'1','2023-06-15','2022-10-03 10:45:49','2022-10-03 10:45:49'),(351,1250,'1','2023-06-16','2022-10-03 10:45:49','2022-10-03 10:45:49'),(352,1250,'1','2023-06-17','2022-10-03 10:45:49','2022-10-03 10:45:49'),(353,1250,'1','2023-06-18','2022-10-03 10:45:49','2022-10-03 10:45:49'),(354,1250,'1','2023-06-19','2022-10-03 10:45:49','2022-10-03 10:45:49'),(355,1250,'1','2023-06-20','2022-10-03 10:45:49','2022-10-03 10:45:49'),(356,1250,'1','2023-06-21','2022-10-03 10:45:49','2022-10-03 10:45:49'),(357,1250,'1','2023-06-22','2022-10-03 10:45:49','2022-10-03 10:45:49'),(358,1250,'1','2023-06-23','2022-10-03 10:45:49','2022-10-03 10:45:49'),(359,1250,'1','2023-06-24','2022-10-03 10:45:49','2022-10-03 10:45:49'),(360,1250,'1','2023-06-25','2022-10-03 10:45:49','2022-10-03 10:45:49'),(361,1250,'1','2023-06-26','2022-10-03 10:45:49','2022-10-03 10:45:49'),(362,1250,'1','2023-06-27','2022-10-03 10:45:49','2022-10-03 10:45:49'),(363,1250,'1','2023-06-28','2022-10-03 10:45:49','2022-10-03 10:45:49'),(364,1250,'1','2023-06-29','2022-10-03 10:45:49','2022-10-03 10:45:49'),(365,1250,'1','2023-06-30','2022-10-03 10:45:49','2022-10-03 10:45:49'),(366,1250,'1','2023-07-01','2022-10-03 10:45:49','2022-10-03 10:45:49'),(367,1250,'1','2023-07-02','2022-10-03 10:45:49','2022-10-03 10:45:49'),(368,1250,'1','2023-07-03','2022-10-03 10:45:49','2022-10-03 10:45:49'),(369,1250,'1','2023-07-04','2022-10-03 10:45:49','2022-10-03 10:45:49'),(370,1250,'1','2023-07-05','2022-10-03 10:45:49','2022-10-03 10:45:49'),(371,1250,'1','2023-07-06','2022-10-03 10:45:49','2022-10-03 10:45:49'),(372,1250,'1','2023-07-07','2022-10-03 10:45:49','2022-10-03 10:45:49'),(373,1250,'1','2023-07-08','2022-10-03 10:45:49','2022-10-03 10:45:49'),(374,1250,'1','2023-07-09','2022-10-03 10:45:49','2022-10-03 10:45:49'),(375,1250,'1','2023-07-10','2022-10-03 10:45:49','2022-10-03 10:45:49'),(376,1250,'1','2023-07-11','2022-10-03 10:45:49','2022-10-03 10:45:49'),(377,1250,'1','2023-07-12','2022-10-03 10:45:49','2022-10-03 10:45:49'),(378,1250,'1','2023-07-13','2022-10-03 10:45:49','2022-10-03 10:45:49'),(379,1250,'1','2023-07-14','2022-10-03 10:45:49','2022-10-03 10:45:49'),(380,1250,'1','2023-07-15','2022-10-03 10:45:49','2022-10-03 10:45:49'),(381,1250,'1','2023-07-16','2022-10-03 10:45:49','2022-10-03 10:45:49'),(382,1250,'1','2023-07-17','2022-10-03 10:45:49','2022-10-03 10:45:49'),(383,1250,'1','2023-07-18','2022-10-03 10:45:49','2022-10-03 10:45:49'),(384,1250,'1','2023-07-19','2022-10-03 10:45:49','2022-10-03 10:45:49'),(385,1250,'1','2023-07-20','2022-10-03 10:45:49','2022-10-03 10:45:49'),(386,1250,'1','2023-07-21','2022-10-03 10:45:49','2022-10-03 10:45:49'),(387,1250,'1','2023-07-22','2022-10-03 10:45:49','2022-10-03 10:45:49'),(388,1250,'1','2023-07-23','2022-10-03 10:45:49','2022-10-03 10:45:49'),(389,1250,'1','2023-07-24','2022-10-03 10:45:49','2022-10-03 10:45:49'),(390,1250,'1','2023-07-25','2022-10-03 10:45:49','2022-10-03 10:45:49'),(391,1250,'1','2023-07-26','2022-10-03 10:45:49','2022-10-03 10:45:49'),(392,1250,'1','2023-07-27','2022-10-03 10:45:49','2022-10-03 10:45:49'),(393,1250,'1','2023-07-28','2022-10-03 10:45:49','2022-10-03 10:45:49'),(394,1250,'1','2023-07-29','2022-10-03 10:45:49','2022-10-03 10:45:49'),(395,1250,'1','2023-07-30','2022-10-03 10:45:49','2022-10-03 10:45:49'),(396,1250,'1','2023-07-31','2022-10-03 10:45:49','2022-10-03 10:45:49'),(397,1250,'1','2023-08-01','2022-10-03 10:45:49','2022-10-03 10:45:49'),(398,1250,'1','2023-08-02','2022-10-03 10:45:49','2022-10-03 10:45:49'),(399,1250,'1','2023-08-03','2022-10-03 10:45:49','2022-10-03 10:45:49'),(400,1250,'1','2023-08-04','2022-10-03 10:45:49','2022-10-03 10:45:49'),(401,1250,'1','2023-08-05','2022-10-03 10:45:49','2022-10-03 10:45:49'),(402,1250,'1','2023-08-06','2022-10-03 10:45:49','2022-10-03 10:45:49'),(403,1250,'1','2023-08-07','2022-10-03 10:45:49','2022-10-03 10:45:49'),(404,1250,'1','2023-08-08','2022-10-03 10:45:49','2022-10-03 10:45:49'),(405,1250,'1','2023-08-09','2022-10-03 10:45:49','2022-10-03 10:45:49'),(406,1250,'1','2023-08-10','2022-10-03 10:45:49','2022-10-03 10:45:49'),(407,1250,'1','2023-08-11','2022-10-03 10:45:49','2022-10-03 10:45:49'),(408,1250,'1','2023-08-12','2022-10-03 10:45:49','2022-10-03 10:45:49'),(409,1250,'1','2023-08-13','2022-10-03 10:45:49','2022-10-03 10:45:49'),(410,1250,'1','2023-08-14','2022-10-03 10:45:49','2022-10-03 10:45:49'),(411,1250,'1','2023-08-15','2022-10-03 10:45:49','2022-10-03 10:45:49'),(412,1250,'1','2023-08-16','2022-10-03 10:45:49','2022-10-03 10:45:49'),(413,1250,'1','2023-08-17','2022-10-03 10:45:49','2022-10-03 10:45:49'),(414,1250,'1','2023-08-18','2022-10-03 10:45:49','2022-10-03 10:45:49'),(415,1250,'1','2023-08-19','2022-10-03 10:45:49','2022-10-03 10:45:49'),(416,1250,'1','2023-08-20','2022-10-03 10:45:49','2022-10-03 10:45:49'),(417,1250,'1','2023-08-21','2022-10-03 10:45:49','2022-10-03 10:45:49'),(418,1250,'1','2023-08-22','2022-10-03 10:45:49','2022-10-03 10:45:49'),(419,1250,'1','2023-08-23','2022-10-03 10:45:49','2022-10-03 10:45:49'),(420,1250,'1','2023-08-24','2022-10-03 10:45:49','2022-10-03 10:45:49'),(421,1250,'1','2023-08-25','2022-10-03 10:45:49','2022-10-03 10:45:49'),(422,1250,'1','2023-08-26','2022-10-03 10:45:49','2022-10-03 10:45:49'),(423,1250,'1','2023-08-27','2022-10-03 10:45:49','2022-10-03 10:45:49'),(424,1250,'1','2023-08-28','2022-10-03 10:45:49','2022-10-03 10:45:49'),(425,1250,'1','2023-08-29','2022-10-03 10:45:49','2022-10-03 10:45:49'),(426,1250,'1','2023-08-30','2022-10-03 10:45:49','2022-10-03 10:45:49'),(427,1250,'1','2023-08-31','2022-10-03 10:45:49','2022-10-03 10:45:49'),(428,1250,'1','2023-09-01','2022-10-03 10:45:49','2022-10-03 10:45:49'),(429,1250,'1','2023-09-02','2022-10-03 10:45:49','2022-10-03 10:45:49'),(430,1250,'1','2023-09-03','2022-10-03 10:45:49','2022-10-03 10:45:49'),(431,1250,'1','2023-09-04','2022-10-03 10:45:49','2022-10-03 10:45:49'),(432,1250,'1','2023-09-05','2022-10-03 10:45:49','2022-10-03 10:45:49'),(433,1250,'1','2023-09-06','2022-10-03 10:45:49','2022-10-03 10:45:49'),(434,1250,'1','2023-09-07','2022-10-03 10:45:49','2022-10-03 10:45:49'),(435,1250,'1','2023-09-08','2022-10-03 10:45:49','2022-10-03 10:45:49'),(436,1250,'1','2023-09-09','2022-10-03 10:45:49','2022-10-03 10:45:49'),(437,1250,'1','2023-09-10','2022-10-03 10:45:49','2022-10-03 10:45:49'),(438,1250,'1','2023-09-11','2022-10-03 10:45:49','2022-10-03 10:45:49'),(439,1250,'1','2023-09-12','2022-10-03 10:45:49','2022-10-03 10:45:49'),(440,1250,'1','2023-09-13','2022-10-03 10:45:49','2022-10-03 10:45:49'),(441,1250,'1','2023-09-14','2022-10-03 10:45:49','2022-10-03 10:45:49'),(442,1250,'1','2023-09-15','2022-10-03 10:45:49','2022-10-03 10:45:49'),(443,1250,'1','2023-09-16','2022-10-03 10:45:49','2022-10-03 10:45:49'),(444,1250,'1','2023-09-17','2022-10-03 10:45:49','2022-10-03 10:45:49'),(445,1250,'1','2023-09-18','2022-10-03 10:45:49','2022-10-03 10:45:49'),(446,1250,'1','2023-09-19','2022-10-03 10:45:49','2022-10-03 10:45:49'),(447,1250,'1','2023-09-20','2022-10-03 10:45:49','2022-10-03 10:45:49'),(448,1250,'1','2023-09-21','2022-10-03 10:45:49','2022-10-03 10:45:49'),(449,1250,'1','2023-09-22','2022-10-03 10:45:49','2022-10-03 10:45:49'),(450,1250,'1','2023-09-23','2022-10-03 10:45:49','2022-10-03 10:45:49'),(451,1250,'1','2023-09-24','2022-10-03 10:45:49','2022-10-03 10:45:49'),(452,1250,'1','2023-09-25','2022-10-03 10:45:49','2022-10-03 10:45:49'),(453,1250,'1','2023-09-26','2022-10-03 10:45:49','2022-10-03 10:45:49'),(454,1250,'1','2023-09-27','2022-10-03 10:45:49','2022-10-03 10:45:49'),(455,1250,'1','2023-09-28','2022-10-03 10:45:49','2022-10-03 10:45:49'),(456,1250,'1','2023-09-29','2022-10-03 10:45:49','2022-10-03 10:45:49'),(457,1250,'1','2023-09-30','2022-10-03 10:45:49','2022-10-03 10:45:49'),(458,1250,'1','2023-10-01','2022-10-03 10:45:49','2022-10-03 10:45:49'),(459,1250,'1','2023-10-02','2022-10-03 10:45:49','2022-10-03 10:45:49'),(460,1250,'1','2023-10-03','2022-10-03 10:45:49','2022-10-03 10:45:49'),(461,1250,'1','2023-10-04','2022-10-03 10:45:49','2022-10-03 10:45:49'),(462,1250,'1','2023-10-05','2022-10-03 10:45:49','2022-10-03 10:45:49'),(463,1250,'1','2023-10-06','2022-10-03 10:45:49','2022-10-03 10:45:49'),(464,1250,'1','2023-10-07','2022-10-03 10:45:49','2022-10-03 10:45:49'),(465,1250,'1','2023-10-08','2022-10-03 10:45:49','2022-10-03 10:45:49'),(466,1250,'1','2023-10-09','2022-10-03 10:45:49','2022-10-03 10:45:49'),(467,1250,'1','2023-10-10','2022-10-03 10:45:49','2022-10-03 10:45:49'),(468,1250,'1','2023-10-11','2022-10-03 10:45:49','2022-10-03 10:45:49'),(469,1250,'1','2023-10-12','2022-10-03 10:45:49','2022-10-03 10:45:49'),(470,1250,'1','2023-10-13','2022-10-03 10:45:49','2022-10-03 10:45:49'),(471,1250,'1','2023-10-14','2022-10-03 10:45:49','2022-10-03 10:45:49'),(472,1250,'1','2023-10-15','2022-10-03 10:45:49','2022-10-03 10:45:49'),(473,1250,'1','2023-10-16','2022-10-03 10:45:49','2022-10-03 10:45:49'),(474,1250,'1','2023-10-17','2022-10-03 10:45:49','2022-10-03 10:45:49'),(475,1250,'1','2023-10-18','2022-10-03 10:45:49','2022-10-03 10:45:49'),(476,1250,'1','2023-10-19','2022-10-03 10:45:49','2022-10-03 10:45:49'),(477,1250,'1','2023-10-20','2022-10-03 10:45:49','2022-10-03 10:45:49'),(478,1250,'1','2023-10-21','2022-10-03 10:45:49','2022-10-03 10:45:49'),(479,1250,'1','2023-10-22','2022-10-03 10:45:49','2022-10-03 10:45:49'),(480,1250,'1','2023-10-23','2022-10-03 10:45:49','2022-10-03 10:45:49'),(481,1250,'1','2023-10-24','2022-10-03 10:45:49','2022-10-03 10:45:49'),(482,1250,'1','2023-10-25','2022-10-03 10:45:49','2022-10-03 10:45:49'),(483,1250,'1','2023-10-26','2022-10-03 10:45:49','2022-10-03 10:45:49'),(484,1250,'1','2023-10-27','2022-10-03 10:45:49','2022-10-03 10:45:49'),(485,1250,'1','2023-10-28','2022-10-03 10:45:49','2022-10-03 10:45:49'),(486,1250,'1','2023-10-29','2022-10-03 10:45:49','2022-10-03 10:45:49'),(487,1250,'1','2023-10-30','2022-10-03 10:45:49','2022-10-03 10:45:49'),(488,1250,'1','2023-10-31','2022-10-03 10:45:49','2022-10-03 10:45:49'),(489,1250,'1','2023-11-01','2022-10-03 10:45:49','2022-10-03 10:45:49'),(490,1250,'1','2023-11-02','2022-10-03 10:45:49','2022-10-03 10:45:49'),(491,1250,'1','2023-11-03','2022-10-03 10:45:49','2022-10-03 10:45:49'),(492,1250,'1','2023-11-04','2022-10-03 10:45:49','2022-10-03 10:45:49'),(493,1250,'1','2023-11-05','2022-10-03 10:45:49','2022-10-03 10:45:49'),(494,1250,'1','2023-11-06','2022-10-03 10:45:49','2022-10-03 10:45:49'),(495,1250,'1','2023-11-07','2022-10-03 10:45:49','2022-10-03 10:45:49'),(496,1250,'1','2023-11-08','2022-10-03 10:45:49','2022-10-03 10:45:49'),(497,1250,'1','2023-11-09','2022-10-03 10:45:49','2022-10-03 10:45:49'),(498,1250,'1','2023-11-10','2022-10-03 10:45:49','2022-10-03 10:45:49'),(499,1250,'1','2023-11-11','2022-10-03 10:45:49','2022-10-03 10:45:49'),(500,1250,'1','2023-11-12','2022-10-03 10:45:49','2022-10-03 10:45:49'),(501,1250,'1','2023-11-13','2022-10-03 10:45:49','2022-10-03 10:45:49'),(502,1250,'1','2023-11-14','2022-10-03 10:45:49','2022-10-03 10:45:49'),(503,1250,'1','2023-11-15','2022-10-03 10:45:49','2022-10-03 10:45:49'),(504,1250,'1','2023-11-16','2022-10-03 10:45:49','2022-10-03 10:45:49'),(505,1250,'1','2023-11-17','2022-10-03 10:45:49','2022-10-03 10:45:49'),(506,1250,'1','2023-11-18','2022-10-03 10:45:49','2022-10-03 10:45:49'),(507,1250,'1','2023-11-19','2022-10-03 10:45:49','2022-10-03 10:45:49'),(508,1250,'1','2023-11-20','2022-10-03 10:45:49','2022-10-03 10:45:49'),(509,1250,'1','2023-11-21','2022-10-03 10:45:49','2022-10-03 10:45:49'),(510,1250,'1','2023-11-22','2022-10-03 10:45:49','2022-10-03 10:45:49'),(511,1250,'1','2023-11-23','2022-10-03 10:45:49','2022-10-03 10:45:49'),(512,1250,'1','2023-11-24','2022-10-03 10:45:49','2022-10-03 10:45:49'),(513,1250,'1','2023-11-25','2022-10-03 10:45:49','2022-10-03 10:45:49'),(514,1250,'1','2023-11-26','2022-10-03 10:45:49','2022-10-03 10:45:49'),(515,1250,'1','2023-11-27','2022-10-03 10:45:49','2022-10-03 10:45:49'),(516,1250,'1','2023-11-28','2022-10-03 10:45:49','2022-10-03 10:45:49'),(517,1250,'1','2023-11-29','2022-10-03 10:45:49','2022-10-03 10:45:49'),(518,1250,'1','2023-11-30','2022-10-03 10:45:49','2022-10-03 10:45:49'),(519,1250,'1','2023-12-01','2022-10-03 10:45:49','2022-10-03 10:45:49'),(520,1250,'1','2023-12-02','2022-10-03 10:45:49','2022-10-03 10:45:49'),(521,1250,'1','2023-12-03','2022-10-03 10:45:49','2022-10-03 10:45:49'),(522,1250,'1','2023-12-04','2022-10-03 10:45:49','2022-10-03 10:45:49'),(523,1250,'1','2023-12-05','2022-10-03 10:45:49','2022-10-03 10:45:49'),(524,1250,'1','2023-12-06','2022-10-03 10:45:49','2022-10-03 10:45:49'),(525,1250,'1','2023-12-07','2022-10-03 10:45:49','2022-10-03 10:45:49'),(526,1250,'1','2023-12-08','2022-10-03 10:45:49','2022-10-03 10:45:49'),(527,1250,'1','2023-12-09','2022-10-03 10:45:49','2022-10-03 10:45:49'),(528,1250,'1','2023-12-10','2022-10-03 10:45:49','2022-10-03 10:45:49'),(529,1250,'1','2023-12-11','2022-10-03 10:45:49','2022-10-03 10:45:49'),(530,1250,'1','2023-12-12','2022-10-03 10:45:49','2022-10-03 10:45:49'),(531,1250,'1','2023-12-13','2022-10-03 10:45:49','2022-10-03 10:45:49'),(532,1250,'1','2023-12-14','2022-10-03 10:45:49','2022-10-03 10:45:49'),(533,1250,'1','2023-12-15','2022-10-03 10:45:49','2022-10-03 10:45:49'),(534,1250,'1','2023-12-16','2022-10-03 10:45:49','2022-10-03 10:45:49'),(535,1250,'1','2023-12-17','2022-10-03 10:45:49','2022-10-03 10:45:49'),(536,1250,'1','2023-12-18','2022-10-03 10:45:49','2022-10-03 10:45:49'),(537,1250,'1','2023-12-19','2022-10-03 10:45:49','2022-10-03 10:45:49'),(538,1250,'1','2023-12-20','2022-10-03 10:45:49','2022-10-03 10:45:49'),(539,1250,'1','2023-12-21','2022-10-03 10:45:49','2022-10-03 10:45:49'),(540,1250,'1','2023-12-22','2022-10-03 10:45:49','2022-10-03 10:45:49'),(541,1250,'1','2023-12-23','2022-10-03 10:45:49','2022-10-03 10:45:49'),(542,1250,'1','2023-12-24','2022-10-03 10:45:49','2022-10-03 10:45:49'),(543,1250,'1','2023-12-25','2022-10-03 10:45:49','2022-10-03 10:45:49'),(544,1250,'1','2023-12-26','2022-10-03 10:45:49','2022-10-03 10:45:49'),(545,1250,'1','2023-12-27','2022-10-03 10:45:49','2022-10-03 10:45:49'),(546,1250,'1','2023-12-28','2022-10-03 10:45:49','2022-10-03 10:45:49'),(547,1250,'1','2023-12-29','2022-10-03 10:45:49','2022-10-03 10:45:49'),(548,1250,'1','2023-12-30','2022-10-03 10:45:49','2022-10-03 10:45:49'),(549,1250,'1','2023-12-31','2022-10-03 10:45:49','2022-10-03 10:45:49');
/*!40000 ALTER TABLE `capacity_days` ENABLE KEYS */;
UNLOCK TABLES;
COMMIT;

-- Dumped table `capacity_days` with 549 row(s)
--

--
-- Table structure for table `categories`
--

/*!40101 SET @saved_cs_client     = @@character_set_client */;
/*!40101 SET character_set_client = utf8 */;
CREATE TABLE `categories` (
  `id` bigint(20) unsigned NOT NULL AUTO_INCREMENT,
  `title` varchar(500) COLLATE utf8mb4_unicode_ci DEFAULT NULL,
  `created_at` timestamp NULL DEFAULT NULL,
  `updated_at` timestamp NULL DEFAULT NULL,
  `uploaded` varchar(5) COLLATE utf8mb4_unicode_ci NOT NULL DEFAULT '0',
  PRIMARY KEY (`id`)
) ENGINE=InnoDB AUTO_INCREMENT=17 DEFAULT CHARSET=utf8mb4 COLLATE=utf8mb4_unicode_ci;
/*!40101 SET character_set_client = @saved_cs_client */;

--
-- Dumping data for table `categories`
--

LOCK TABLES `categories` WRITE;
/*!40000 ALTER TABLE `categories` DISABLE KEYS */;
SET autocommit=0;
INSERT INTO `categories` VALUES (1,'Meals','2022-02-23 07:51:04','2022-12-08 15:56:06','1'),(2,'Toys','2022-02-01 07:51:09','2022-12-08 15:56:07','1'),(3,'Drinks','2022-02-04 07:51:13','2022-12-08 15:56:07','1'),(7,'services','2022-04-28 04:49:44','2022-12-08 15:56:07','1'),(9,'Snacks','2022-07-26 09:54:50','2022-12-08 15:56:08','1'),(12,'Meals','2022-12-01 14:51:20','2022-12-01 14:51:20','1'),(13,'Toys','2022-12-01 14:51:21','2022-12-01 14:51:21','1'),(14,'Drinks','2022-12-01 14:51:21','2022-12-01 14:51:21','1'),(15,'services','2022-12-01 14:51:27','2022-12-01 14:51:27','1'),(16,'Snacks','2022-12-01 14:51:28','2022-12-01 14:51:28','1');
/*!40000 ALTER TABLE `categories` ENABLE KEYS */;
UNLOCK TABLES;
COMMIT;

-- Dumped table `categories` with 10 row(s)
--

--
-- Table structure for table `cities`
--

/*!40101 SET @saved_cs_client     = @@character_set_client */;
/*!40101 SET character_set_client = utf8 */;
CREATE TABLE `cities` (
  `id` bigint(20) unsigned NOT NULL AUTO_INCREMENT,
  `title` varchar(255) COLLATE utf8mb4_unicode_ci DEFAULT NULL,
  `gov_id` bigint(20) unsigned DEFAULT NULL,
  `created_at` timestamp NULL DEFAULT NULL,
  `updated_at` timestamp NULL DEFAULT NULL,
  PRIMARY KEY (`id`),
  KEY `cities_gov_id_foreign` (`gov_id`),
  CONSTRAINT `cities_gov_id_foreign` FOREIGN KEY (`gov_id`) REFERENCES `governorates` (`id`) ON DELETE CASCADE
) ENGINE=InnoDB AUTO_INCREMENT=397 DEFAULT CHARSET=utf8mb4 COLLATE=utf8mb4_unicode_ci;
/*!40101 SET character_set_client = @saved_cs_client */;

--
-- Dumping data for table `cities`
--

LOCK TABLES `cities` WRITE;
/*!40000 ALTER TABLE `cities` DISABLE KEYS */;
SET autocommit=0;
INSERT INTO `cities` VALUES (1,'15 May',1,NULL,NULL),(2,'Al Azbakeyah',1,NULL,NULL),(3,'Al Basatin',1,NULL,NULL),(4,'Tebin',1,NULL,NULL),(5,'El-Khalifa',1,NULL,NULL),(6,'El darrasa',1,NULL,NULL),(7,'Aldarb Alahmar',1,NULL,NULL),(8,'Zawya al-Hamra',1,NULL,NULL),(9,'El-Zaytoun',1,NULL,NULL),(10,'Sahel',1,NULL,NULL),(11,'El Salam',1,NULL,NULL),(12,'Sayeda Zeinab',1,NULL,NULL),(13,'El Sharabeya',1,NULL,NULL),(14,'Shorouk',1,NULL,NULL),(15,'El Daher',1,NULL,NULL),(16,'Ataba',1,NULL,NULL),(17,'New Cairo',1,NULL,NULL),(18,'El Marg',1,NULL,NULL),(19,'Ezbet el Nakhl',1,NULL,NULL),(20,'Matareya',1,NULL,NULL),(21,'Maadi',1,NULL,NULL),(22,'Maasara',1,NULL,NULL),(23,'Mokattam',1,NULL,NULL),(24,'Manyal',1,NULL,NULL),(25,'Mosky',1,NULL,NULL),(26,'Nozha',1,NULL,NULL),(27,'Waily',1,NULL,NULL),(28,'Bab al-Shereia',1,NULL,NULL),(29,'Bolaq',1,NULL,NULL),(30,'Garden City',1,NULL,NULL),(31,'Hadayek El-Kobba',1,NULL,NULL),(32,'Helwan',1,NULL,NULL),(33,'Dar Al Salam',1,NULL,NULL),(34,'Shubra',1,NULL,NULL),(35,'Tura',1,NULL,NULL),(36,'Abdeen',1,NULL,NULL),(37,'Abaseya',1,NULL,NULL),(38,'Ain Shams',1,NULL,NULL),(39,'Nasr City',1,NULL,NULL),(40,'New Heliopolis',1,NULL,NULL),(41,'Masr Al Qadima',1,NULL,NULL),(42,'Mansheya Nasir',1,NULL,NULL),(43,'Badr City',1,NULL,NULL),(44,'Obour City',1,NULL,NULL),(45,'Cairo Downtown',1,NULL,NULL),(46,'Zamalek',1,NULL,NULL),(47,'Kasr El Nile',1,NULL,NULL),(48,'Rehab',1,NULL,NULL),(49,'Katameya',1,NULL,NULL),(50,'Madinty',1,NULL,NULL),(51,'Rod Alfarag',1,NULL,NULL),(52,'Sheraton',1,NULL,NULL),(53,'El-Gamaleya',1,NULL,NULL),(54,'10th of Ramadan City',1,NULL,NULL),(55,'Helmeyat Alzaytoun',1,NULL,NULL),(56,'New Nozha',1,NULL,NULL),(57,'Capital New',1,NULL,NULL),(58,'Giza',2,NULL,NULL),(59,'Sixth of October',2,NULL,NULL),(60,'Cheikh Zayed',2,NULL,NULL),(61,'Hawamdiyah',2,NULL,NULL),(62,'Al Badrasheen',2,NULL,NULL),(63,'Saf',2,NULL,NULL),(64,'Atfih',2,NULL,NULL),(65,'Al Ayat',2,NULL,NULL),(66,'Al-Bawaiti',2,NULL,NULL),(67,'ManshiyetAl Qanater',2,NULL,NULL),(68,'Oaseem',2,NULL,NULL),(69,'Kerdasa',2,NULL,NULL),(70,'Abu Nomros',2,NULL,NULL),(71,'Kafr Ghati',2,NULL,NULL),(72,'Manshiyet Al Bakari',2,NULL,NULL),(73,'Dokki',2,NULL,NULL),(74,'Agouza',2,NULL,NULL),(75,'Haram',2,NULL,NULL),(76,'Warraq',2,NULL,NULL),(77,'Imbaba',2,NULL,NULL),(78,'Boulaq Dakrour',2,NULL,NULL),(79,'Al Wahat Al Baharia',2,NULL,NULL),(80,'Omraneya',2,NULL,NULL),(81,'Moneeb',2,NULL,NULL),(82,'Bin Alsarayat',2,NULL,NULL),(83,'Kit Kat',2,NULL,NULL),(84,'Mohandessin',2,NULL,NULL),(85,'Faisal',2,NULL,NULL),(86,'Abu Rawash',2,NULL,NULL),(87,'Hadayek Alahram',2,NULL,NULL),(88,'Haraneya',2,NULL,NULL),(89,'Hadayek October',2,NULL,NULL),(90,'Saft Allaban',2,NULL,NULL),(91,'Smart Village',2,NULL,NULL),(92,'Ard Ellwaa',2,NULL,NULL),(93,'Abu Qir',3,NULL,NULL),(94,'Al Ibrahimeyah',3,NULL,NULL),(95,'Azarita',3,NULL,NULL),(96,'Anfoushi',3,NULL,NULL),(97,'Dekheila',3,NULL,NULL),(98,'El Soyof',3,NULL,NULL),(99,'Ameria',3,NULL,NULL),(100,'El Labban',3,NULL,NULL),(101,'Al Mafrouza',3,NULL,NULL),(102,'El Montaza',3,NULL,NULL),(103,'Mansheya',3,NULL,NULL),(104,'Naseria',3,NULL,NULL),(105,'Ambrozo',3,NULL,NULL),(106,'Bab Sharq',3,NULL,NULL),(107,'Bourj Alarab',3,NULL,NULL),(108,'Stanley',3,NULL,NULL),(109,'Smouha',3,NULL,NULL),(110,'Sidi Bishr',3,NULL,NULL),(111,'Shads',3,NULL,NULL),(112,'Gheet Alenab',3,NULL,NULL),(113,'Fleming',3,NULL,NULL),(114,'Victoria',3,NULL,NULL),(115,'Camp Shizar',3,NULL,NULL),(116,'Karmooz',3,NULL,NULL),(117,'Mahta Alraml',3,NULL,NULL),(118,'Mina El-Basal',3,NULL,NULL),(119,'Asafra',3,NULL,NULL),(120,'Agamy',3,NULL,NULL),(121,'Bakos',3,NULL,NULL),(122,'Boulkly',3,NULL,NULL),(123,'Cleopatra',3,NULL,NULL),(124,'Glim',3,NULL,NULL),(125,'Al Mamurah',3,NULL,NULL),(126,'Al Mandara',3,NULL,NULL),(127,'Moharam Bek',3,NULL,NULL),(128,'Elshatby',3,NULL,NULL),(129,'Sidi Gaber',3,NULL,NULL),(130,'North Coast/sahel',3,NULL,NULL),(131,'Alhadra',3,NULL,NULL),(132,'Alattarin',3,NULL,NULL),(133,'Sidi Kerir',3,NULL,NULL),(134,'Elgomrok',3,NULL,NULL),(135,'Al Max',3,NULL,NULL),(136,'Marina',3,NULL,NULL),(137,'Mansoura',4,NULL,NULL),(138,'Talkha',4,NULL,NULL),(139,'Mitt Ghamr',4,NULL,NULL),(140,'Dekernes',4,NULL,NULL),(141,'Aga',4,NULL,NULL),(142,'Menia El Nasr',4,NULL,NULL),(143,'Sinbillawin',4,NULL,NULL),(144,'El Kurdi',4,NULL,NULL),(145,'Bani Ubaid',4,NULL,NULL),(146,'Al Manzala',4,NULL,NULL),(147,'tami al`amdid',4,NULL,NULL),(148,'aljamalia',4,NULL,NULL),(149,'Sherbin',4,NULL,NULL),(150,'Mataria',4,NULL,NULL),(151,'Belqas',4,NULL,NULL),(152,'Meet Salsil',4,NULL,NULL),(153,'Gamasa',4,NULL,NULL),(154,'Mahalat Damana',4,NULL,NULL),(155,'Nabroh',4,NULL,NULL),(156,'Hurghada',5,NULL,NULL),(157,'Ras Ghareb',5,NULL,NULL),(158,'Safaga',5,NULL,NULL),(159,'El Qusiar',5,NULL,NULL),(160,'Marsa Alam',5,NULL,NULL),(161,'Shalatin',5,NULL,NULL),(162,'Halaib',5,NULL,NULL),(163,'Aldahar',5,NULL,NULL),(164,'Damanhour',6,NULL,NULL),(165,'Kafr El Dawar',6,NULL,NULL),(166,'Rashid',6,NULL,NULL),(167,'Edco',6,NULL,NULL),(168,'Abu al-Matamir',6,NULL,NULL),(169,'Abu Homs',6,NULL,NULL),(170,'Delengat',6,NULL,NULL),(171,'Mahmoudiyah',6,NULL,NULL),(172,'Rahmaniyah',6,NULL,NULL),(173,'Itai Baroud',6,NULL,NULL),(174,'Housh Eissa',6,NULL,NULL),(175,'Shubrakhit',6,NULL,NULL),(176,'Kom Hamada',6,NULL,NULL),(177,'Badr',6,NULL,NULL),(178,'Wadi Natrun',6,NULL,NULL),(179,'New Nubaria',6,NULL,NULL),(180,'Alnoubareya',6,NULL,NULL),(181,'Fayoum',7,NULL,NULL),(182,'Fayoum El Gedida',7,NULL,NULL),(183,'Tamiya',7,NULL,NULL),(184,'Snores',7,NULL,NULL),(185,'Etsa',7,NULL,NULL),(186,'Epschway',7,NULL,NULL),(187,'Yusuf El Sediaq',7,NULL,NULL),(188,'Hadqa',7,NULL,NULL),(189,'Atsa',7,NULL,NULL),(190,'Algamaa',7,NULL,NULL),(191,'Sayala',7,NULL,NULL),(192,'Tanta',8,NULL,NULL),(193,'Al Mahalla Al Kobra',8,NULL,NULL),(194,'Kafr El Zayat',8,NULL,NULL),(195,'Zefta',8,NULL,NULL),(196,'El Santa',8,NULL,NULL),(197,'Qutour',8,NULL,NULL),(198,'Basion',8,NULL,NULL),(199,'Samannoud',8,NULL,NULL),(200,'Ismailia',9,NULL,NULL),(201,'Fayed',9,NULL,NULL),(202,'Qantara Sharq',9,NULL,NULL),(203,'Qantara Gharb',9,NULL,NULL),(204,'El Tal El Kabier',9,NULL,NULL),(205,'Abu Sawir',9,NULL,NULL),(206,'Kasasien El Gedida',9,NULL,NULL),(207,'Nefesha',9,NULL,NULL),(208,'Sheikh Zayed',9,NULL,NULL),(209,'Shbeen El Koom',10,NULL,NULL),(210,'Sadat City',10,NULL,NULL),(211,'Menouf',10,NULL,NULL),(212,'Sars El-Layan',10,NULL,NULL),(213,'Ashmon',10,NULL,NULL),(214,'Al Bagor',10,NULL,NULL),(215,'Quesna',10,NULL,NULL),(216,'Berkat El Saba',10,NULL,NULL),(217,'Tala',10,NULL,NULL),(218,'Al Shohada',10,NULL,NULL),(219,'Minya',11,NULL,NULL),(220,'Minya El Gedida',11,NULL,NULL),(221,'El Adwa',11,NULL,NULL),(222,'Magagha',11,NULL,NULL),(223,'Bani Mazar',11,NULL,NULL),(224,'Mattay',11,NULL,NULL),(225,'Samalut',11,NULL,NULL),(226,'Madinat El Fekria',11,NULL,NULL),(227,'Meloy',11,NULL,NULL),(228,'Deir Mawas',11,NULL,NULL),(229,'Abu Qurqas',11,NULL,NULL),(230,'Ard Sultan',11,NULL,NULL),(231,'Banha',12,NULL,NULL),(232,'Qalyub',12,NULL,NULL),(233,'Shubra Al Khaimah',12,NULL,NULL),(234,'Al Qanater Charity',12,NULL,NULL),(235,'Khanka',12,NULL,NULL),(236,'Kafr Shukr',12,NULL,NULL),(237,'Tukh',12,NULL,NULL),(238,'Qaha',12,NULL,NULL),(239,'Obour',12,NULL,NULL),(240,'Khosous',12,NULL,NULL),(241,'Shibin Al Qanater',12,NULL,NULL),(242,'Mostorod',12,NULL,NULL),(243,'El Kharga',13,NULL,NULL),(244,'Paris',13,NULL,NULL),(245,'Mout',13,NULL,NULL),(246,'Farafra',13,NULL,NULL),(247,'Balat',13,NULL,NULL),(248,'Dakhla',13,NULL,NULL),(249,'Suez',14,NULL,NULL),(250,'Alganayen',14,NULL,NULL),(251,'Ataqah',14,NULL,NULL),(252,'Ain Sokhna',14,NULL,NULL),(253,'Faysal',14,NULL,NULL),(254,'Aswan',15,NULL,NULL),(255,'Aswan El Gedida',15,NULL,NULL),(256,'Drau',15,NULL,NULL),(257,'Kom Ombo',15,NULL,NULL),(258,'Nasr Al Nuba',15,NULL,NULL),(259,'Kalabsha',15,NULL,NULL),(260,'Edfu',15,NULL,NULL),(261,'Al-Radisiyah',15,NULL,NULL),(262,'Al Basilia',15,NULL,NULL),(263,'Al Sibaeia',15,NULL,NULL),(264,'Abo Simbl Al Siyahia',15,NULL,NULL),(265,'Marsa Alam',15,NULL,NULL),(266,'Assiut',16,NULL,NULL),(267,'Assiut El Gedida',16,NULL,NULL),(268,'Dayrout',16,NULL,NULL),(269,'Manfalut',16,NULL,NULL),(270,'Qusiya',16,NULL,NULL),(271,'Abnoub',16,NULL,NULL),(272,'Abu Tig',16,NULL,NULL),(273,'El Ghanaim',16,NULL,NULL),(274,'Sahel Selim',16,NULL,NULL),(275,'El Badari',16,NULL,NULL),(276,'Sidfa',16,NULL,NULL),(277,'Bani Sweif',17,NULL,NULL),(278,'Beni Suef El Gedida',17,NULL,NULL),(279,'Al Wasta',17,NULL,NULL),(280,'Naser',17,NULL,NULL),(281,'Ehnasia',17,NULL,NULL),(282,'beba',17,NULL,NULL),(283,'Fashn',17,NULL,NULL),(284,'Somasta',17,NULL,NULL),(285,'Alabbaseri',17,NULL,NULL),(286,'Mokbel',17,NULL,NULL),(287,'PorSaid',18,NULL,NULL),(288,'Port Fouad',18,NULL,NULL),(289,'Alarab',18,NULL,NULL),(290,'Zohour',18,NULL,NULL),(291,'Alsharq',18,NULL,NULL),(292,'Aldawahi',18,NULL,NULL),(293,'Almanakh',18,NULL,NULL),(294,'Mubarak',18,NULL,NULL),(295,'Damietta',19,NULL,NULL),(296,'New Damietta',19,NULL,NULL),(297,'Ras El Bar',19,NULL,NULL),(298,'Faraskour',19,NULL,NULL),(299,'Zarqa',19,NULL,NULL),(300,'alsaru',19,NULL,NULL),(301,'alruwda',19,NULL,NULL),(302,'Kafr El-Batikh',19,NULL,NULL),(303,'Azbet Al Burg',19,NULL,NULL),(304,'Meet Abou Ghalib',19,NULL,NULL),(305,'Kafr Saad',19,NULL,NULL),(306,'Zagazig',20,NULL,NULL),(307,'Al Ashr Men Ramadan',20,NULL,NULL),(308,'Minya Al Qamh',20,NULL,NULL),(309,'Belbeis',20,NULL,NULL),(310,'Mashtoul El Souq',20,NULL,NULL),(311,'Qenaiat',20,NULL,NULL),(312,'Abu Hammad',20,NULL,NULL),(313,'El Qurain',20,NULL,NULL),(314,'Hehia',20,NULL,NULL),(315,'Abu Kabir',20,NULL,NULL),(316,'Faccus',20,NULL,NULL),(317,'El Salihia El Gedida',20,NULL,NULL),(318,'Al Ibrahimiyah',20,NULL,NULL),(319,'Deirb Negm',20,NULL,NULL),(320,'Kafr Saqr',20,NULL,NULL),(321,'Awlad Saqr',20,NULL,NULL),(322,'Husseiniya',20,NULL,NULL),(323,'san alhajar alqablia',20,NULL,NULL),(324,'Manshayat Abu Omar',20,NULL,NULL),(325,'Al Toor',21,NULL,NULL),(326,'Sharm El-Shaikh',21,NULL,NULL),(327,'Dahab',21,NULL,NULL),(328,'Nuweiba',21,NULL,NULL),(329,'Taba',21,NULL,NULL),(330,'Saint Catherine',21,NULL,NULL),(331,'Abu Redis',21,NULL,NULL),(332,'Abu Zenaima',21,NULL,NULL),(333,'Ras Sidr',21,NULL,NULL),(334,'Kafr El Sheikh',22,NULL,NULL),(335,'Kafr El Sheikh Downtown',22,NULL,NULL),(336,'Desouq',22,NULL,NULL),(337,'Fooh',22,NULL,NULL),(338,'Metobas',22,NULL,NULL),(339,'Burg Al Burullus',22,NULL,NULL),(340,'Baltim',22,NULL,NULL),(341,'Masief Baltim',22,NULL,NULL),(342,'Hamol',22,NULL,NULL),(343,'Bella',22,NULL,NULL),(344,'Riyadh',22,NULL,NULL),(345,'Sidi Salm',22,NULL,NULL),(346,'Qellen',22,NULL,NULL),(347,'Sidi Ghazi',22,NULL,NULL),(348,'Marsa Matrouh',23,NULL,NULL),(349,'El Hamam',23,NULL,NULL),(350,'Alamein',23,NULL,NULL),(351,'Dabaa',23,NULL,NULL),(352,'Al-Nagila',23,NULL,NULL),(353,'Sidi Brani',23,NULL,NULL),(354,'Salloum',23,NULL,NULL),(355,'Siwa',23,NULL,NULL),(356,'Marina',23,NULL,NULL),(357,'North Coast',23,NULL,NULL),(358,'Luxor',24,NULL,NULL),(359,'New Luxor',24,NULL,NULL),(360,'Esna',24,NULL,NULL),(361,'New Tiba',24,NULL,NULL),(362,'Al ziynia',24,NULL,NULL),(363,'Al Bayadieh',24,NULL,NULL),(364,'Al Qarna',24,NULL,NULL),(365,'Armant',24,NULL,NULL),(366,'Al Tud',24,NULL,NULL),(367,'Qena',25,NULL,NULL),(368,'New Qena',25,NULL,NULL),(369,'Abu Tesht',25,NULL,NULL),(370,'Nag Hammadi',25,NULL,NULL),(371,'Deshna',25,NULL,NULL),(372,'Alwaqf',25,NULL,NULL),(373,'Qaft',25,NULL,NULL),(374,'Naqada',25,NULL,NULL),(375,'Farshout',25,NULL,NULL),(376,'Quos',25,NULL,NULL),(377,'Arish',26,NULL,NULL),(378,'Sheikh Zowaid',26,NULL,NULL),(379,'Nakhl',26,NULL,NULL),(380,'Rafah',26,NULL,NULL),(381,'Bir al-Abed',26,NULL,NULL),(382,'Al Hasana',26,NULL,NULL),(383,'Sohag',27,NULL,NULL),(384,'Sohag El Gedida',27,NULL,NULL),(385,'Akhmeem',27,NULL,NULL),(386,'Akhmim El Gedida',27,NULL,NULL),(387,'Albalina',27,NULL,NULL),(388,'El Maragha',27,NULL,NULL),(389,'almunsha`a',27,NULL,NULL),(390,'Dar AISalaam',27,NULL,NULL),(391,'Gerga',27,NULL,NULL),(392,'Jahina Al Gharbia',27,NULL,NULL),(393,'Saqilatuh',27,NULL,NULL),(394,'Tama',27,NULL,NULL),(395,'Tahta',27,NULL,NULL),(396,'Alkawthar',27,NULL,NULL);
/*!40000 ALTER TABLE `cities` ENABLE KEYS */;
UNLOCK TABLES;
COMMIT;

-- Dumped table `cities` with 396 row(s)
--

--
-- Table structure for table `clients`
--

/*!40101 SET @saved_cs_client     = @@character_set_client */;
/*!40101 SET character_set_client = utf8 */;
CREATE TABLE `clients` (
  `id` bigint(20) unsigned NOT NULL AUTO_INCREMENT,
  `name` varchar(255) COLLATE utf8mb4_unicode_ci DEFAULT NULL,
  `phone` varchar(255) COLLATE utf8mb4_unicode_ci DEFAULT NULL,
  `email` varchar(255) COLLATE utf8mb4_unicode_ci DEFAULT NULL,
  `gender` enum('male','female') COLLATE utf8mb4_unicode_ci DEFAULT NULL,
  `rate` tinyint(1) DEFAULT NULL,
  `note` varchar(255) COLLATE utf8mb4_unicode_ci DEFAULT NULL,
  `gov_id` bigint(20) unsigned DEFAULT NULL,
  `city_id` bigint(20) unsigned DEFAULT NULL,
  `ref_id` bigint(20) unsigned DEFAULT NULL COMMENT 'المرجعى',
  `family_size` int(11) DEFAULT '0',
  `uploaded` varchar(5) COLLATE utf8mb4_unicode_ci NOT NULL DEFAULT '0',
  `created_at` timestamp NULL DEFAULT NULL,
  `updated_at` timestamp NULL DEFAULT NULL,
  PRIMARY KEY (`id`),
  KEY `clients_giv_id_foreign` (`gov_id`),
  KEY `clients_city_id_foreign` (`city_id`),
  KEY `clients_ref_id_foreign` (`ref_id`),
  CONSTRAINT `clients_city_id_foreign` FOREIGN KEY (`city_id`) REFERENCES `cities` (`id`) ON DELETE CASCADE,
  CONSTRAINT `clients_giv_id_foreign` FOREIGN KEY (`gov_id`) REFERENCES `governorates` (`id`) ON DELETE CASCADE,
  CONSTRAINT `clients_ref_id_foreign` FOREIGN KEY (`ref_id`) REFERENCES `references` (`id`) ON DELETE SET NULL
) ENGINE=InnoDB AUTO_INCREMENT=1691 DEFAULT CHARSET=utf8mb4 COLLATE=utf8mb4_unicode_ci;
/*!40101 SET character_set_client = @saved_cs_client */;

--
-- Dumping data for table `clients`
--

LOCK TABLES `clients` WRITE;
/*!40000 ALTER TABLE `clients` DISABLE KEYS */;
SET autocommit=0;
INSERT INTO `clients` VALUES (963,'dina','01020814188',NULL,'female',NULL,NULL,2,59,8,4,'1','2022-11-01 16:10:22','2022-11-01 16:10:22'),(964,'sara','01006603406',NULL,'female',NULL,NULL,2,60,7,2,'1','2022-11-01 16:22:27','2022-11-01 16:22:27'),(965,'MOHAMED','01000456592',NULL,NULL,NULL,NULL,2,60,6,1,'1','2022-11-01 16:27:45','2022-11-01 16:27:45'),(966,'RADWA','01015770010',NULL,'female',NULL,NULL,2,60,7,1,'1','2022-11-01 16:53:01','2022-11-01 16:53:01'),(967,'MARWA','01001203121',NULL,NULL,NULL,NULL,2,60,7,1,'1','2022-11-01 16:56:17','2022-11-01 16:56:17'),(968,'MAHMOUD','01095557315',NULL,'male',NULL,NULL,2,60,8,1,'1','2022-11-01 17:29:09','2022-11-01 17:29:09'),(969,'heissen','01069979950',NULL,'male',NULL,NULL,2,60,7,1,'1','2022-11-01 18:01:50','2022-11-01 18:01:50'),(970,'ENGY','01212134758',NULL,'female',NULL,NULL,2,60,7,2,'1','2022-11-01 18:07:22','2022-11-01 18:07:22'),(971,'HALA','01223952810',NULL,'female',NULL,NULL,2,60,7,2,'1','2022-11-01 18:22:53','2022-11-01 18:22:53'),(972,'HADER','01144607074',NULL,'female',NULL,NULL,2,59,NULL,NULL,'1','2022-11-01 19:26:38','2022-11-01 19:26:38'),(973,'ASMAA','01021045046',NULL,'female',NULL,NULL,2,60,7,2,'1','2022-11-01 19:31:14','2022-11-01 19:31:14'),(974,'MENA','07069889005',NULL,'female',NULL,NULL,2,59,NULL,NULL,'1','2022-11-01 19:36:44','2022-11-01 19:36:44'),(975,'Abdullah shaban','01156668599',NULL,NULL,NULL,NULL,NULL,NULL,NULL,NULL,'1','2022-11-02 10:18:28','2022-11-02 10:18:28'),(976,'nada','01111776541',NULL,'female',NULL,NULL,2,60,6,8,'1','2022-11-02 11:29:03','2022-11-02 11:29:03'),(977,'AMIRA','01028232242',NULL,'female',NULL,NULL,2,60,7,1,'1','2022-11-02 12:22:25','2022-11-02 12:22:25'),(978,'LAMIS','01113331006',NULL,'female',NULL,NULL,2,60,7,2,'1','2022-11-02 12:25:58','2022-11-02 12:25:58'),(979,'TAGHREED','01000445300',NULL,'female',NULL,NULL,2,60,7,3,'1','2022-11-02 12:27:14','2022-11-02 12:27:14'),(980,'MARIAM','01066266626',NULL,'female',NULL,NULL,2,60,7,1,'1','2022-11-02 13:26:08','2022-11-02 13:26:08'),(981,'manar','01002414690',NULL,'female',NULL,NULL,2,60,7,2,'1','2022-11-02 13:31:10','2022-11-02 13:31:10'),(982,'crestein','01285473227',NULL,'female',NULL,NULL,2,60,6,2,'1','2022-11-02 13:32:23','2022-11-02 13:32:23'),(988,'SARA','01066844331',NULL,'female',NULL,NULL,2,60,6,2,'1','2022-11-02 14:44:23','2022-11-02 14:44:23'),(992,'menna','01271222273',NULL,'female',NULL,NULL,2,60,7,1,'1','2022-11-02 15:34:10','2022-11-02 15:34:10'),(993,'marwa','01008409749',NULL,'male',NULL,NULL,2,60,NULL,1,'1','2022-11-02 16:14:17','2022-11-02 16:14:17'),(1026,'ahmed','01149514424',NULL,'male',NULL,NULL,2,60,8,1,'1','2022-11-03 14:39:02','2022-11-03 14:39:02'),(1027,'basant','01001260941',NULL,NULL,NULL,NULL,NULL,NULL,NULL,NULL,'1','2022-11-03 14:40:41','2022-11-03 14:40:41'),(1028,'eman','01024713093',NULL,NULL,NULL,NULL,NULL,NULL,NULL,NULL,'1','2022-11-03 14:45:35','2022-11-03 14:45:35'),(1029,'AMINA','01001005353',NULL,NULL,NULL,NULL,NULL,NULL,NULL,NULL,'1','2022-11-03 14:47:18','2022-11-03 14:47:18'),(1030,'MOHAMED','01128550087',NULL,NULL,NULL,NULL,NULL,NULL,NULL,NULL,'1','2022-11-03 14:49:05','2022-11-03 14:49:05'),(1031,'HAMS','01030732954',NULL,NULL,NULL,NULL,NULL,NULL,NULL,NULL,'1','2022-11-03 15:52:34','2022-11-03 15:52:34'),(1032,'hadeer','01146531474',NULL,NULL,NULL,NULL,NULL,NULL,NULL,NULL,'1','2022-11-03 15:58:25','2022-11-03 15:58:25'),(1033,'aya','01014477173',NULL,'male',NULL,NULL,2,60,7,1,'1','2022-11-03 16:01:39','2022-11-03 16:01:39'),(1034,'AHMED','01007413574',NULL,'male',NULL,NULL,2,60,7,1,'1','2022-11-03 16:19:37','2022-11-03 16:19:37'),(1035,'MAGY','01005469332',NULL,'female',NULL,NULL,2,60,7,2,'1','2022-11-03 16:19:57','2022-11-03 16:19:57'),(1036,'ISMAIL','01067616986',NULL,NULL,NULL,NULL,NULL,NULL,NULL,NULL,'1','2022-11-03 16:30:02','2022-11-03 16:30:02'),(1037,'MAHMOUD','0102570862',NULL,NULL,NULL,NULL,NULL,NULL,NULL,NULL,'1','2022-11-03 17:59:47','2022-11-03 17:59:47'),(1039,'MAHA','01220500738',NULL,'female',NULL,NULL,2,60,7,3,'1','2022-11-03 19:41:20','2022-11-03 19:41:20'),(1040,'SALAH','0114449084',NULL,'male',NULL,NULL,2,60,NULL,3,'1','2022-11-03 20:24:14','2022-11-03 20:24:14'),(1041,'ALI','01015404182',NULL,'male',NULL,NULL,2,60,NULL,2,'1','2022-11-03 20:28:04','2022-11-03 20:28:04'),(1042,'HEBA','01223887663',NULL,'female',NULL,NULL,2,60,NULL,1,'1','2022-11-03 20:36:19','2022-11-03 20:36:19'),(1043,'HODA','01000016821',NULL,'female',NULL,NULL,NULL,NULL,NULL,NULL,'1','2022-11-03 20:39:01','2022-11-03 20:39:01'),(1044,'hossam','01155310173','hossam@gmail.com','male',NULL,NULL,2,60,7,2,'1','2022-11-04 11:53:22','2022-11-04 11:53:22'),(1045,'aya','01100821310',NULL,NULL,NULL,NULL,2,60,8,2,'1','2022-11-04 14:30:26','2022-11-04 14:30:26'),(1046,'moustafa','01009493020',NULL,NULL,NULL,NULL,NULL,NULL,NULL,NULL,'1','2022-11-04 17:44:06','2022-11-04 17:44:06'),(1047,'ahmed','01064390345',NULL,NULL,NULL,NULL,2,60,7,2,'1','2022-11-04 17:44:52','2022-11-04 17:44:52'),(1048,'youmna','01009084690',NULL,NULL,NULL,NULL,NULL,NULL,NULL,NULL,'1','2022-11-05 11:26:11','2022-11-05 11:26:11'),(1049,'maha','01006586165',NULL,'female',NULL,NULL,2,58,7,2,'1','2022-11-05 11:28:15','2022-11-05 11:28:15'),(1050,'AHMED','01000328272',NULL,'male',NULL,NULL,2,60,4,2,'1','2022-11-05 11:31:19','2022-11-05 11:31:19'),(1051,'amr','01016644750',NULL,'male',NULL,NULL,2,60,7,1,'1','2022-11-05 11:48:22','2022-11-05 11:48:22'),(1052,'basma','01123750038',NULL,NULL,NULL,NULL,NULL,NULL,NULL,NULL,'1','2022-11-05 11:51:30','2022-11-05 11:51:30'),(1054,'SALMA','01000101917',NULL,NULL,NULL,NULL,NULL,NULL,NULL,NULL,'1','2022-11-05 12:46:51','2022-11-05 12:46:51'),(1055,'MAHMOUD','01000960657',NULL,NULL,NULL,NULL,NULL,NULL,NULL,NULL,'1','2022-11-05 12:48:21','2022-11-05 12:48:21'),(1056,'AHMED','01001893315',NULL,NULL,NULL,NULL,NULL,NULL,NULL,NULL,'1','2022-11-05 12:52:16','2022-11-05 12:52:16'),(1057,'LOBNA','01121177024',NULL,'female',NULL,NULL,2,60,7,1,'1','2022-11-05 13:08:37','2022-11-05 13:08:37'),(1058,'RAGAAI','01001475500',NULL,'male',NULL,NULL,2,60,8,2,'1','2022-11-05 13:10:03','2022-11-05 13:10:03'),(1059,'MOHAMED','01211822632',NULL,'male',NULL,NULL,2,60,8,3,'1','2022-11-05 13:13:38','2022-11-05 13:13:38'),(1060,'MOHAMED','01096899444',NULL,'male',NULL,NULL,2,60,7,1,'1','2022-11-05 13:18:09','2022-11-05 13:18:09'),(1061,'MOHAMED','01014422464',NULL,'male',NULL,NULL,2,60,7,1,'1','2022-11-05 13:25:22','2022-11-05 13:25:22'),(1062,'FATMA','01025111241',NULL,'female',NULL,NULL,2,60,7,1,'1','2022-11-05 13:33:20','2022-11-05 13:33:20'),(1063,'YASMIN','01014827035',NULL,'female',NULL,NULL,2,60,7,1,'1','2022-11-05 13:38:40','2022-11-05 13:38:40'),(1064,'MOHAMED','01000887882',NULL,NULL,NULL,NULL,2,60,6,1,'1','2022-11-05 13:56:16','2022-11-05 13:56:16'),(1065,'OMAR','01203008059',NULL,'male',NULL,NULL,2,60,6,1,'1','2022-11-05 13:59:13','2022-11-05 13:59:13'),(1066,'AMR','01015157878',NULL,NULL,NULL,NULL,NULL,NULL,NULL,NULL,'1','2022-11-05 14:08:50','2022-11-05 14:08:50'),(1067,'YOUMNA','01008458606',NULL,NULL,NULL,NULL,NULL,NULL,NULL,NULL,'1','2022-11-05 14:10:33','2022-11-05 14:10:33'),(1068,'SARA','01007071637',NULL,'female',NULL,NULL,2,60,7,1,'1','2022-11-05 14:24:02','2022-11-05 14:24:02'),(1069,'AMANI','01023868738',NULL,NULL,NULL,NULL,NULL,NULL,NULL,NULL,'1','2022-11-05 14:25:23','2022-11-05 14:25:23'),(1070,'JENA','012200000992',NULL,NULL,NULL,NULL,NULL,NULL,NULL,NULL,'1','2022-11-05 14:27:01','2022-11-05 14:27:01'),(1071,'MONA','01065828885',NULL,NULL,NULL,NULL,2,60,8,1,'1','2022-11-05 14:37:13','2022-11-05 14:37:13'),(1072,'AYMAN','01002072565',NULL,NULL,NULL,NULL,NULL,NULL,NULL,NULL,'1','2022-11-05 14:39:01','2022-11-05 14:39:01'),(1073,'DESY','01017191433',NULL,'female',NULL,NULL,2,60,8,2,'1','2022-11-05 14:41:12','2022-11-05 14:41:12'),(1074,'NOHA','01150080016',NULL,NULL,NULL,NULL,2,60,8,3,'1','2022-11-05 14:49:27','2022-11-05 14:49:27'),(1075,'TASNEM','01000380236',NULL,'female',NULL,NULL,2,60,8,1,'1','2022-11-05 14:51:47','2022-11-05 14:51:47'),(1076,'selvia','01092177352',NULL,'female',NULL,NULL,2,60,7,1,'1','2022-11-05 15:24:10','2022-11-05 15:24:10'),(1077,'hoda','01063427722',NULL,'female',NULL,NULL,2,59,7,1,'1','2022-11-05 15:54:44','2022-11-05 15:54:44'),(1078,'nourhan','01156609991',NULL,'female',NULL,NULL,NULL,NULL,NULL,1,'1','2022-11-05 15:57:20','2022-11-05 15:57:20'),(1079,'salma','01026221633',NULL,'female',NULL,NULL,NULL,NULL,7,2,'1','2022-11-05 16:00:31','2022-11-05 16:00:31'),(1080,'SOHA','01099715394',NULL,'female',NULL,NULL,2,60,NULL,3,'1','2022-11-05 16:06:29','2022-11-05 16:06:29'),(1081,'HAKMET','01067205091',NULL,'female',NULL,NULL,2,60,NULL,1,'1','2022-11-05 16:08:01','2022-11-05 16:08:01'),(1082,'MAHMOUD','01066659210',NULL,'male',NULL,NULL,2,60,NULL,1,'1','2022-11-05 16:28:49','2022-11-05 16:28:49'),(1083,'MAHMOUD','01221467446',NULL,'male',NULL,NULL,2,60,NULL,1,'1','2022-11-05 16:30:09','2022-11-05 16:30:09'),(1084,'SEIF','01005705858',NULL,'male',NULL,NULL,2,60,NULL,2,'1','2022-11-05 16:31:53','2022-11-05 16:31:53'),(1085,'RASHA','01299757544',NULL,'female',NULL,NULL,2,60,NULL,1,'1','2022-11-05 16:37:13','2022-11-05 16:37:13'),(1086,'amany','01003743418',NULL,'female',NULL,NULL,2,NULL,NULL,2,'1','2022-11-05 16:41:13','2022-11-05 16:41:13'),(1087,'SAMAR','01000018172',NULL,'female',NULL,NULL,2,60,NULL,2,'1','2022-11-05 16:49:39','2022-11-05 16:49:39'),(1088,'kareem','01207776793',NULL,'male',NULL,NULL,NULL,NULL,NULL,1,'1','2022-11-05 16:51:02','2022-11-05 16:51:02'),(1089,'SHRIF','01528806744',NULL,'male',NULL,NULL,2,60,NULL,1,'1','2022-11-05 16:53:03','2022-11-05 16:53:03'),(1090,'asmaa','01121400848',NULL,NULL,NULL,NULL,NULL,NULL,NULL,2,'1','2022-11-05 16:53:51','2022-11-05 16:53:51'),(1091,'ahmed','01000446610',NULL,NULL,NULL,NULL,NULL,NULL,NULL,1,'1','2022-11-05 16:57:12','2022-11-05 16:57:12'),(1092,'NOUR','01001830446',NULL,'female',NULL,NULL,2,60,NULL,1,'1','2022-11-05 16:57:55','2022-11-05 16:57:55'),(1093,'g071','01064440777',NULL,'male',NULL,NULL,NULL,NULL,NULL,1,'1','2022-11-05 17:05:10','2022-11-05 17:05:10'),(1094,'ahmed','01006677612',NULL,NULL,NULL,NULL,NULL,NULL,NULL,1,'1','2022-11-05 17:17:22','2022-11-05 17:17:22'),(1095,'SHRIF','01142254444',NULL,'male',NULL,NULL,2,60,NULL,2,'1','2022-11-05 17:18:46','2022-11-05 17:18:46'),(1096,'AMAL','01155222267',NULL,'female',NULL,NULL,2,60,NULL,3,'1','2022-11-05 17:28:13','2022-11-05 17:28:13'),(1097,'REHAM','01016123457',NULL,NULL,NULL,NULL,NULL,NULL,NULL,1,'1','2022-11-05 17:47:41','2022-11-05 17:47:41'),(1098,'NATLY','01063938796',NULL,NULL,NULL,NULL,NULL,NULL,NULL,2,'1','2022-11-05 17:49:59','2022-11-05 17:49:59'),(1099,'MOHAMED','01002416988',NULL,NULL,NULL,NULL,NULL,NULL,NULL,1,'1','2022-11-05 17:55:40','2022-11-05 17:55:40'),(1100,'HEBA','01028185482',NULL,NULL,NULL,NULL,NULL,NULL,NULL,1,'1','2022-11-05 17:58:14','2022-11-05 17:58:14'),(1101,'NOURHAN','01095884584',NULL,NULL,NULL,NULL,NULL,NULL,NULL,1,'1','2022-11-05 18:01:59','2022-11-05 18:01:59'),(1102,'MAI','01096402476',NULL,'female',NULL,NULL,2,60,NULL,1,'1','2022-11-05 18:02:06','2022-11-05 18:02:06'),(1103,'YASMIN','01121936708',NULL,NULL,NULL,NULL,2,60,NULL,1,'1','2022-11-05 18:03:11','2022-11-05 18:03:11'),(1104,'ALIA','01006683998',NULL,NULL,NULL,NULL,2,60,NULL,2,'1','2022-11-05 18:04:29','2022-11-05 18:04:29'),(1105,'HEBA','01069170862',NULL,'female',NULL,NULL,2,60,NULL,1,'1','2022-11-05 18:12:29','2022-11-05 18:12:29'),(1106,'ALI','01288838852',NULL,'male',NULL,NULL,2,60,NULL,2,'1','2022-11-05 18:14:11','2022-11-05 18:14:11'),(1107,'AMIRA','01007893212',NULL,'female',NULL,NULL,2,60,NULL,1,'1','2022-11-05 18:18:04','2022-11-05 18:18:04'),(1108,'SARA','01153353053',NULL,NULL,NULL,NULL,NULL,NULL,NULL,1,'1','2022-11-05 18:18:09','2022-11-05 18:18:09'),(1109,'AHMED','01281133188',NULL,'male',NULL,NULL,2,60,NULL,2,'1','2022-11-05 18:34:57','2022-11-05 18:34:57'),(1110,'FADY','01116063714',NULL,'male',NULL,NULL,2,60,NULL,1,'1','2022-11-05 18:37:33','2022-11-05 18:37:33'),(1111,'NEVEN','01222587973',NULL,'female',NULL,NULL,2,60,NULL,2,'1','2022-11-05 18:38:49','2022-11-05 18:38:49'),(1112,'SARA','01118761899',NULL,'female',NULL,NULL,2,60,NULL,1,'1','2022-11-05 21:16:26','2022-11-05 21:16:26'),(1113,'MONA','01000101089',NULL,'female',NULL,NULL,2,60,NULL,4,'1','2022-11-05 21:18:47','2022-11-05 21:18:47'),(1114,'ESRAA','01005689578',NULL,'female',NULL,NULL,2,60,NULL,3,'1','2022-11-05 21:20:18','2022-11-05 21:20:18'),(1115,'shrouk','01113164323',NULL,NULL,NULL,NULL,NULL,NULL,NULL,1,'1','2022-11-05 21:21:30','2022-11-05 21:21:30'),(1116,'MAGY','01016716862',NULL,'female',NULL,NULL,2,60,NULL,1,'1','2022-11-05 21:21:42','2022-11-05 21:21:43'),(1117,'KHALED','01007020991',NULL,'male',NULL,NULL,2,60,NULL,2,'1','2022-11-05 21:22:50','2022-11-05 21:22:50'),(1118,'malina','01558855100',NULL,NULL,NULL,NULL,NULL,NULL,NULL,1,'1','2022-11-05 21:22:51','2022-11-05 21:22:51'),(1119,'SHIMAA','0100863378',NULL,'female',NULL,NULL,2,60,NULL,1,'1','2022-11-05 21:23:49','2022-11-05 21:23:49'),(1120,'samar','0128527758',NULL,NULL,NULL,NULL,NULL,NULL,NULL,1,'1','2022-11-05 21:24:12','2022-11-05 21:24:12'),(1121,'MENNA','01143743385',NULL,'female',NULL,NULL,2,60,NULL,1,'1','2022-11-05 21:26:04','2022-11-05 21:26:04'),(1122,'ahmed','01228585530',NULL,NULL,NULL,NULL,NULL,NULL,NULL,2,'1','2022-11-05 21:26:21','2022-11-05 21:26:21'),(1123,'HANAN','01220740885',NULL,'female',NULL,NULL,2,60,NULL,1,'1','2022-11-05 21:32:31','2022-11-05 21:32:31'),(1124,'MOHAMED','01020003588',NULL,'male',NULL,NULL,2,60,NULL,1,'1','2022-11-05 21:33:32','2022-11-05 21:33:32'),(1125,'HAGER','01033635111',NULL,'female',NULL,NULL,2,60,NULL,2,'1','2022-11-05 21:34:27','2022-11-05 21:34:27'),(1126,'engy','01275007499',NULL,NULL,NULL,NULL,NULL,NULL,NULL,1,'1','2022-11-05 21:37:26','2022-11-05 21:37:26'),(1130,'NADA','01113992400',NULL,NULL,NULL,NULL,NULL,NULL,NULL,NULL,'1','2022-11-06 11:39:24','2022-11-06 11:39:24'),(1131,'asmahan','01114774117',NULL,'female',NULL,NULL,2,60,NULL,1,'1','2022-11-06 12:38:50','2022-11-06 12:38:50'),(1133,'MARIEM','01017083803',NULL,'female',NULL,NULL,2,60,NULL,3,'1','2022-11-06 13:22:25','2022-11-06 13:22:25'),(1134,'DOAA','01148582389',NULL,'female',NULL,NULL,2,60,NULL,1,'1','2022-11-06 13:23:33','2022-11-06 13:23:33'),(1135,'YOUSEF','01222244054',NULL,'male',NULL,NULL,2,60,NULL,1,'1','2022-11-06 13:24:31','2022-11-06 13:24:31'),(1136,'AMR','01023277715',NULL,'male',NULL,NULL,2,60,NULL,2,'1','2022-11-06 13:25:25','2022-11-06 13:25:25'),(1137,'HISHAM','01002536232',NULL,NULL,NULL,NULL,NULL,NULL,NULL,NULL,'1','2022-11-06 13:57:48','2022-11-06 13:57:48'),(1138,'SAMEH','01003042712.',NULL,'male',NULL,NULL,2,59,NULL,NULL,'1','2022-11-06 14:12:17','2022-11-06 14:12:17'),(1139,'SHYMAA','01000050113',NULL,'female',NULL,NULL,NULL,NULL,NULL,NULL,'1','2022-11-06 14:30:48','2022-11-06 14:30:48'),(1140,'SHERWAT','01001435542',NULL,NULL,NULL,NULL,NULL,NULL,NULL,NULL,'1','2022-11-06 15:03:34','2022-11-06 15:03:34'),(1141,'AMIRA','01221739241',NULL,'female',NULL,NULL,2,60,NULL,1,'1','2022-11-06 15:05:23','2022-11-06 15:05:23'),(1142,'AHMED','01000778094',NULL,NULL,NULL,NULL,2,60,NULL,2,'1','2022-11-06 15:36:17','2022-11-06 15:36:17'),(1143,'michel','01224240074',NULL,'male',NULL,NULL,NULL,NULL,NULL,2,'1','2022-11-06 16:08:44','2022-11-06 16:08:44'),(1144,'reem,','01144455573',NULL,NULL,NULL,NULL,NULL,NULL,NULL,1,'1','2022-11-06 16:10:02','2022-11-06 16:10:02'),(1145,'MANAL','01151400003',NULL,NULL,NULL,NULL,NULL,NULL,NULL,1,'1','2022-11-06 17:01:12','2022-11-06 17:01:12'),(1146,'BASSANT','01159794779',NULL,NULL,NULL,NULL,NULL,NULL,NULL,1,'1','2022-11-06 17:03:25','2022-11-06 17:03:25'),(1147,'sally','01229137910',NULL,NULL,NULL,NULL,NULL,NULL,NULL,NULL,'1','2022-11-07 15:30:48','2022-11-07 15:30:48'),(1148,'mira','01226958899',NULL,NULL,NULL,NULL,NULL,NULL,NULL,NULL,'1','2022-11-07 15:33:46','2022-11-07 15:33:46'),(1149,'nermen omar','01003719479',NULL,'female',NULL,NULL,NULL,NULL,NULL,NULL,'1','2022-11-07 15:37:04','2022-11-07 15:37:04'),(1150,'mohamed','01068891911',NULL,'male',NULL,NULL,2,60,8,1,'1','2022-11-07 15:45:58','2022-11-07 15:45:58'),(1151,'mohamed','01007551103',NULL,'male',NULL,NULL,2,58,8,1,'1','2022-11-07 15:47:47','2022-11-07 15:47:47'),(1152,'eman','01010642916',NULL,'female',NULL,NULL,2,60,8,1,'1','2022-11-07 15:48:55','2022-11-07 15:48:55'),(1153,'YASMIN','01060158781',NULL,'female',NULL,NULL,2,60,7,1,'1','2022-11-07 15:49:55','2022-11-07 15:49:55'),(1154,'alaa','01096135036',NULL,'female',NULL,NULL,2,60,8,1,'1','2022-11-07 15:51:03','2022-11-07 15:51:03'),(1155,'dina','01005172614',NULL,'female',NULL,NULL,2,60,8,1,'1','2022-11-07 15:52:02','2022-11-07 15:52:02'),(1156,'salma','01127029344',NULL,'female',NULL,NULL,2,60,7,1,'1','2022-11-07 15:58:28','2022-11-07 15:58:28'),(1157,'nihal','01006761211',NULL,'female',NULL,NULL,2,60,7,1,'1','2022-11-07 16:05:33','2022-11-07 16:05:33'),(1158,'REHAM','01010000920',NULL,'female',NULL,NULL,2,60,8,1,'1','2022-11-07 16:16:11','2022-11-07 16:16:11'),(1159,'MARIAM','01147930704',NULL,'female',NULL,NULL,2,60,7,1,'1','2022-11-07 16:19:07','2022-11-07 16:19:07'),(1160,'MENA','01204429156',NULL,NULL,NULL,NULL,NULL,NULL,NULL,NULL,'1','2022-11-07 16:46:23','2022-11-07 16:46:23'),(1161,'MARYA','01065791441',NULL,'female',NULL,NULL,2,58,8,1,'1','2022-11-07 16:49:09','2022-11-07 16:49:09'),(1162,'ESRAA','01143424200',NULL,NULL,NULL,NULL,NULL,NULL,NULL,NULL,'1','2022-11-07 16:54:26','2022-11-07 16:54:26'),(1163,'MERNA','01111723441',NULL,NULL,NULL,NULL,NULL,NULL,NULL,NULL,'1','2022-11-07 16:57:02','2022-11-07 16:57:02'),(1164,'SAMA','01094494278',NULL,NULL,NULL,NULL,NULL,NULL,NULL,NULL,'1','2022-11-07 17:22:21','2022-11-07 17:22:21'),(1165,'DALIA','01002471798',NULL,'female',NULL,NULL,2,60,8,1,'1','2022-11-07 17:25:57','2022-11-07 17:25:57'),(1166,'nouran','01112888411',NULL,'female',NULL,NULL,2,60,7,1,'1','2022-11-07 18:01:51','2022-11-07 18:01:51'),(1167,'LAMIS','01092263162',NULL,NULL,NULL,NULL,NULL,NULL,NULL,NULL,'1','2022-11-07 18:08:59','2022-11-07 18:08:59'),(1168,'R054','01066706363',NULL,NULL,NULL,NULL,NULL,NULL,NULL,NULL,'1','2022-11-07 18:15:32','2022-11-07 18:15:32'),(1169,'AMIRA','01007482123',NULL,'female',NULL,NULL,2,60,6,1,'1','2022-11-07 19:11:35','2022-11-07 19:11:35'),(1170,'eaad','01204606946',NULL,'male',NULL,NULL,2,60,6,1,'1','2022-11-07 19:30:34','2022-11-07 19:30:34'),(1171,'gehad','01062336291',NULL,'female',NULL,NULL,2,60,7,1,'1','2022-11-07 19:33:33','2022-11-07 19:33:33'),(1172,'maged','01224052414',NULL,'male',NULL,NULL,2,60,6,2,'1','2022-11-07 19:37:56','2022-11-07 19:37:56'),(1173,'aya','01001222074',NULL,'female',NULL,NULL,2,60,7,1,'1','2022-11-07 19:46:23','2022-11-07 19:46:23'),(1174,'sara','01005673934',NULL,'female',NULL,NULL,2,60,6,2,'1','2022-11-07 19:54:04','2022-11-07 19:54:04'),(1175,'mina','01226945402',NULL,'male',NULL,NULL,2,60,7,2,'1','2022-11-07 20:22:43','2022-11-07 20:22:43'),(1176,'reem','01000230456',NULL,NULL,NULL,NULL,NULL,NULL,NULL,NULL,'1','2022-11-07 20:29:52','2022-11-07 20:29:52'),(1177,'test','0123456',NULL,NULL,NULL,NULL,NULL,NULL,NULL,NULL,'1','2022-11-11 10:53:46','2022-11-11 10:53:46'),(1178,'mohamed','01022113330',NULL,NULL,NULL,NULL,NULL,NULL,NULL,2,'1','2022-11-11 17:55:53','2022-11-11 17:55:53'),(1179,'test','1120677818',NULL,NULL,NULL,NULL,NULL,NULL,NULL,NULL,'1','2022-11-24 13:00:59','2022-11-24 13:00:59'),(1180,'ytr','852369',NULL,NULL,NULL,NULL,NULL,NULL,NULL,NULL,'1','2022-11-24 14:24:05','2022-11-24 14:24:05'),(1181,'sameh','01003042712',NULL,'male',NULL,NULL,NULL,NULL,NULL,NULL,'1','2022-12-02 15:09:59','2022-12-02 15:09:59'),(1182,'hod hod','01027457416',NULL,'female',NULL,NULL,NULL,NULL,NULL,NULL,'1','2022-12-02 15:21:38','2022-12-02 15:21:38'),(1183,'test','01220477924',NULL,NULL,NULL,NULL,NULL,NULL,NULL,NULL,'1','2022-12-02 19:35:20','2022-12-02 19:35:20'),(1184,'Onine','123345666',NULL,NULL,NULL,NULL,NULL,NULL,NULL,NULL,'1','2022-12-02 19:45:58','2022-12-02 19:45:58'),(1186,'test','0120477924',NULL,NULL,NULL,NULL,NULL,NULL,NULL,NULL,'1','2022-12-08 12:06:28','2022-12-08 12:06:28'),(1187,'testoffline','0123458',NULL,NULL,NULL,NULL,NULL,NULL,NULL,NULL,'1','2022-12-08 15:55:49','2022-12-08 15:55:49'),(1188,'Test Anathr PC','3254',NULL,NULL,NULL,NULL,NULL,NULL,NULL,NULL,'1','2022-12-08 19:43:03','2022-12-08 19:43:03'),(1189,'testofflineanaterpc2','124578',NULL,NULL,NULL,NULL,NULL,NULL,NULL,NULL,'1','2022-12-08 20:15:54','2022-12-08 20:15:54'),(1190,'dina','01020814188',NULL,'female',NULL,NULL,2,59,8,4,'1','2022-12-09 10:25:58','2022-12-09 10:25:58'),(1191,'sara','01006603406',NULL,'female',NULL,NULL,2,60,7,2,'1','2022-12-09 10:25:59','2022-12-09 10:25:59'),(1192,'MOHAMED','01000456592',NULL,NULL,NULL,NULL,2,60,6,1,'1','2022-12-09 10:25:59','2022-12-09 10:25:59'),(1193,'RADWA','01015770010',NULL,'female',NULL,NULL,2,60,7,1,'1','2022-12-09 10:26:00','2022-12-09 10:26:00'),(1194,'MARWA','01001203121',NULL,NULL,NULL,NULL,2,60,7,1,'1','2022-12-09 10:26:00','2022-12-09 10:26:00'),(1195,'MAHMOUD','01095557315',NULL,'male',NULL,NULL,2,60,8,1,'1','2022-12-09 10:26:00','2022-12-09 10:26:00'),(1196,'heissen','01069979950',NULL,'male',NULL,NULL,2,60,7,1,'1','2022-12-09 10:26:00','2022-12-09 10:26:00'),(1197,'ENGY','01212134758',NULL,'female',NULL,NULL,2,60,7,2,'1','2022-12-09 10:26:00','2022-12-09 10:26:00'),(1198,'HALA','01223952810',NULL,'female',NULL,NULL,2,60,7,2,'1','2022-12-09 10:26:00','2022-12-09 10:26:00'),(1199,'HADER','01144607074',NULL,'female',NULL,NULL,2,59,NULL,NULL,'1','2022-12-09 10:26:00','2022-12-09 10:26:00'),(1200,'ASMAA','01021045046',NULL,'female',NULL,NULL,2,60,7,2,'1','2022-12-09 10:26:01','2022-12-09 10:26:01'),(1201,'MENA','07069889005',NULL,'female',NULL,NULL,2,59,NULL,NULL,'1','2022-12-09 10:26:01','2022-12-09 10:26:01'),(1202,'Abdullah shaban','01156668599',NULL,NULL,NULL,NULL,NULL,NULL,NULL,NULL,'1','2022-12-09 10:26:01','2022-12-09 10:26:01'),(1203,'nada','01111776541',NULL,'female',NULL,NULL,2,60,6,8,'1','2022-12-09 10:26:01','2022-12-09 10:26:01'),(1204,'AMIRA','01028232242',NULL,'female',NULL,NULL,2,60,7,1,'1','2022-12-09 10:26:01','2022-12-09 10:26:01'),(1205,'LAMIS','01113331006',NULL,'female',NULL,NULL,2,60,7,2,'1','2022-12-09 10:26:01','2022-12-09 10:26:01'),(1206,'TAGHREED','01000445300',NULL,'female',NULL,NULL,2,60,7,3,'1','2022-12-09 10:26:02','2022-12-09 10:26:02'),(1207,'MARIAM','01066266626',NULL,'female',NULL,NULL,2,60,7,1,'1','2022-12-09 10:26:02','2022-12-09 10:26:02'),(1208,'manar','01002414690',NULL,'female',NULL,NULL,2,60,7,2,'1','2022-12-09 10:26:02','2022-12-09 10:26:02'),(1209,'crestein','01285473227',NULL,'female',NULL,NULL,2,60,6,2,'1','2022-12-09 10:26:02','2022-12-09 10:26:02'),(1210,'SARA','01066844331',NULL,'female',NULL,NULL,2,60,6,2,'1','2022-12-09 10:26:02','2022-12-09 10:26:02'),(1211,'menna','01271222273',NULL,'female',NULL,NULL,2,60,7,1,'1','2022-12-09 10:26:02','2022-12-09 10:26:02'),(1212,'marwa','01008409749',NULL,'male',NULL,NULL,2,60,NULL,1,'1','2022-12-09 10:26:02','2022-12-09 10:26:02'),(1213,'ahmed','01149514424',NULL,'male',NULL,NULL,2,60,8,1,'1','2022-12-09 10:26:03','2022-12-09 10:26:03'),(1214,'basant','01001260941',NULL,NULL,NULL,NULL,NULL,NULL,NULL,NULL,'1','2022-12-09 10:26:03','2022-12-09 10:26:03'),(1215,'eman','01024713093',NULL,NULL,NULL,NULL,NULL,NULL,NULL,NULL,'1','2022-12-09 10:26:03','2022-12-09 10:26:03'),(1216,'AMINA','01001005353',NULL,NULL,NULL,NULL,NULL,NULL,NULL,NULL,'1','2022-12-09 10:26:03','2022-12-09 10:26:03'),(1217,'MOHAMED','01128550087',NULL,NULL,NULL,NULL,NULL,NULL,NULL,NULL,'1','2022-12-09 10:26:03','2022-12-09 10:26:03'),(1218,'HAMS','01030732954',NULL,NULL,NULL,NULL,NULL,NULL,NULL,NULL,'1','2022-12-09 10:26:03','2022-12-09 10:26:03'),(1219,'hadeer','01146531474',NULL,NULL,NULL,NULL,NULL,NULL,NULL,NULL,'1','2022-12-09 10:26:04','2022-12-09 10:26:04'),(1220,'aya','01014477173',NULL,'male',NULL,NULL,2,60,7,1,'1','2022-12-09 10:26:04','2022-12-09 10:26:04'),(1221,'AHMED','01007413574',NULL,'male',NULL,NULL,2,60,7,1,'1','2022-12-09 10:26:04','2022-12-09 10:26:04'),(1222,'MAGY','01005469332',NULL,'female',NULL,NULL,2,60,7,2,'1','2022-12-09 10:26:04','2022-12-09 10:26:04'),(1223,'ISMAIL','01067616986',NULL,NULL,NULL,NULL,NULL,NULL,NULL,NULL,'1','2022-12-09 10:26:04','2022-12-09 10:26:04'),(1224,'MAHMOUD','0102570862',NULL,NULL,NULL,NULL,NULL,NULL,NULL,NULL,'1','2022-12-09 10:26:04','2022-12-09 10:26:04'),(1225,'MAHA','01220500738',NULL,'female',NULL,NULL,2,60,7,3,'1','2022-12-09 10:26:04','2022-12-09 10:26:04'),(1226,'SALAH','0114449084',NULL,'male',NULL,NULL,2,60,NULL,3,'1','2022-12-09 10:26:05','2022-12-09 10:26:05'),(1227,'ALI','01015404182',NULL,'male',NULL,NULL,2,60,NULL,2,'1','2022-12-09 10:26:05','2022-12-09 10:26:05'),(1228,'HEBA','01223887663',NULL,'female',NULL,NULL,2,60,NULL,1,'1','2022-12-09 10:26:05','2022-12-09 10:26:05'),(1229,'HODA','01000016821',NULL,'female',NULL,NULL,NULL,NULL,NULL,NULL,'1','2022-12-09 10:26:05','2022-12-09 10:26:05'),(1230,'hossam','01155310173','hossam@gmail.com','male',NULL,NULL,2,60,7,2,'1','2022-12-09 10:26:05','2022-12-09 10:26:05'),(1231,'aya','01100821310',NULL,NULL,NULL,NULL,2,60,8,2,'1','2022-12-09 10:26:05','2022-12-09 10:26:05'),(1232,'moustafa','01009493020',NULL,NULL,NULL,NULL,NULL,NULL,NULL,NULL,'1','2022-12-09 10:26:06','2022-12-09 10:26:06'),(1233,'ahmed','01064390345',NULL,NULL,NULL,NULL,2,60,7,2,'1','2022-12-09 10:26:06','2022-12-09 10:26:06'),(1234,'youmna','01009084690',NULL,NULL,NULL,NULL,NULL,NULL,NULL,NULL,'1','2022-12-09 10:26:06','2022-12-09 10:26:06'),(1235,'maha','01006586165',NULL,'female',NULL,NULL,2,58,7,2,'1','2022-12-09 10:26:06','2022-12-09 10:26:06'),(1236,'AHMED','01000328272',NULL,'male',NULL,NULL,2,60,4,2,'1','2022-12-09 10:26:06','2022-12-09 10:26:06'),(1237,'amr','01016644750',NULL,'male',NULL,NULL,2,60,7,1,'1','2022-12-09 10:26:06','2022-12-09 10:26:06'),(1238,'basma','01123750038',NULL,NULL,NULL,NULL,NULL,NULL,NULL,NULL,'1','2022-12-09 10:26:07','2022-12-09 10:26:07'),(1239,'SALMA','01000101917',NULL,NULL,NULL,NULL,NULL,NULL,NULL,NULL,'1','2022-12-09 10:26:07','2022-12-09 10:26:07'),(1240,'MAHMOUD','01000960657',NULL,NULL,NULL,NULL,NULL,NULL,NULL,NULL,'1','2022-12-09 10:26:07','2022-12-09 10:26:07'),(1241,'AHMED','01001893315',NULL,NULL,NULL,NULL,NULL,NULL,NULL,NULL,'1','2022-12-09 10:26:07','2022-12-09 10:26:07'),(1242,'LOBNA','01121177024',NULL,'female',NULL,NULL,2,60,7,1,'1','2022-12-09 10:26:07','2022-12-09 10:26:07'),(1243,'RAGAAI','01001475500',NULL,'male',NULL,NULL,2,60,8,2,'1','2022-12-09 10:26:07','2022-12-09 10:26:07'),(1244,'MOHAMED','01211822632',NULL,'male',NULL,NULL,2,60,8,3,'1','2022-12-09 10:26:07','2022-12-09 10:26:07'),(1245,'MOHAMED','01096899444',NULL,'male',NULL,NULL,2,60,7,1,'1','2022-12-09 10:26:08','2022-12-09 10:26:08'),(1246,'MOHAMED','01014422464',NULL,'male',NULL,NULL,2,60,7,1,'1','2022-12-09 10:26:08','2022-12-09 10:26:08'),(1247,'FATMA','01025111241',NULL,'female',NULL,NULL,2,60,7,1,'1','2022-12-09 10:26:08','2022-12-09 10:26:08'),(1248,'YASMIN','01014827035',NULL,'female',NULL,NULL,2,60,7,1,'1','2022-12-09 10:26:08','2022-12-09 10:26:08'),(1249,'MOHAMED','01000887882',NULL,NULL,NULL,NULL,2,60,6,1,'1','2022-12-09 10:26:08','2022-12-09 10:26:08'),(1250,'OMAR','01203008059',NULL,'male',NULL,NULL,2,60,6,1,'1','2022-12-09 10:26:08','2022-12-09 10:26:08'),(1251,'AMR','01015157878',NULL,NULL,NULL,NULL,NULL,NULL,NULL,NULL,'1','2022-12-09 10:26:09','2022-12-09 10:26:09'),(1252,'YOUMNA','01008458606',NULL,NULL,NULL,NULL,NULL,NULL,NULL,NULL,'1','2022-12-09 10:26:09','2022-12-09 10:26:09'),(1253,'SARA','01007071637',NULL,'female',NULL,NULL,2,60,7,1,'1','2022-12-09 10:26:09','2022-12-09 10:26:09'),(1254,'AMANI','01023868738',NULL,NULL,NULL,NULL,NULL,NULL,NULL,NULL,'1','2022-12-09 10:26:09','2022-12-09 10:26:09'),(1255,'JENA','012200000992',NULL,NULL,NULL,NULL,NULL,NULL,NULL,NULL,'1','2022-12-09 10:26:09','2022-12-09 10:26:09'),(1256,'MONA','01065828885',NULL,NULL,NULL,NULL,2,60,8,1,'1','2022-12-09 10:26:09','2022-12-09 10:26:09'),(1257,'AYMAN','01002072565',NULL,NULL,NULL,NULL,NULL,NULL,NULL,NULL,'1','2022-12-09 10:26:09','2022-12-09 10:26:09'),(1258,'DESY','01017191433',NULL,'female',NULL,NULL,2,60,8,2,'1','2022-12-09 10:26:10','2022-12-09 10:26:10'),(1259,'NOHA','01150080016',NULL,NULL,NULL,NULL,2,60,8,3,'1','2022-12-09 10:26:10','2022-12-09 10:26:10'),(1260,'TASNEM','01000380236',NULL,'female',NULL,NULL,2,60,8,1,'1','2022-12-09 10:26:10','2022-12-09 10:26:10'),(1261,'selvia','01092177352',NULL,'female',NULL,NULL,2,60,7,1,'1','2022-12-09 10:26:10','2022-12-09 10:26:10'),(1262,'hoda','01063427722',NULL,'female',NULL,NULL,2,59,7,1,'1','2022-12-09 10:26:10','2022-12-09 10:26:10'),(1263,'nourhan','01156609991',NULL,'female',NULL,NULL,NULL,NULL,NULL,1,'1','2022-12-09 10:26:10','2022-12-09 10:26:10'),(1264,'salma','01026221633',NULL,'female',NULL,NULL,NULL,NULL,7,2,'1','2022-12-09 10:26:11','2022-12-09 10:26:11'),(1265,'SOHA','01099715394',NULL,'female',NULL,NULL,2,60,NULL,3,'1','2022-12-09 10:26:11','2022-12-09 10:26:11'),(1266,'HAKMET','01067205091',NULL,'female',NULL,NULL,2,60,NULL,1,'1','2022-12-09 10:26:11','2022-12-09 10:26:11'),(1267,'MAHMOUD','01066659210',NULL,'male',NULL,NULL,2,60,NULL,1,'1','2022-12-09 10:26:11','2022-12-09 10:26:11'),(1268,'MAHMOUD','01221467446',NULL,'male',NULL,NULL,2,60,NULL,1,'1','2022-12-09 10:26:11','2022-12-09 10:26:11'),(1269,'SEIF','01005705858',NULL,'male',NULL,NULL,2,60,NULL,2,'1','2022-12-09 10:26:11','2022-12-09 10:26:11'),(1270,'RASHA','01299757544',NULL,'female',NULL,NULL,2,60,NULL,1,'1','2022-12-09 10:26:11','2022-12-09 10:26:11'),(1271,'amany','01003743418',NULL,'female',NULL,NULL,2,NULL,NULL,2,'1','2022-12-09 10:26:12','2022-12-09 10:26:12'),(1272,'SAMAR','01000018172',NULL,'female',NULL,NULL,2,60,NULL,2,'1','2022-12-09 10:26:12','2022-12-09 10:26:12'),(1273,'kareem','01207776793',NULL,'male',NULL,NULL,NULL,NULL,NULL,1,'1','2022-12-09 10:26:12','2022-12-09 10:26:12'),(1274,'SHRIF','01528806744',NULL,'male',NULL,NULL,2,60,NULL,1,'1','2022-12-09 10:26:12','2022-12-09 10:26:12'),(1275,'asmaa','01121400848',NULL,NULL,NULL,NULL,NULL,NULL,NULL,2,'1','2022-12-09 10:26:12','2022-12-09 10:26:12'),(1276,'ahmed','01000446610',NULL,NULL,NULL,NULL,NULL,NULL,NULL,1,'1','2022-12-09 10:26:12','2022-12-09 10:26:12'),(1277,'NOUR','01001830446',NULL,'female',NULL,NULL,2,60,NULL,1,'1','2022-12-09 10:26:13','2022-12-09 10:26:13'),(1278,'g071','01064440777',NULL,'male',NULL,NULL,NULL,NULL,NULL,1,'1','2022-12-09 10:26:13','2022-12-09 10:26:13'),(1279,'ahmed','01006677612',NULL,NULL,NULL,NULL,NULL,NULL,NULL,1,'1','2022-12-09 10:26:13','2022-12-09 10:26:13'),(1280,'SHRIF','01142254444',NULL,'male',NULL,NULL,2,60,NULL,2,'1','2022-12-09 10:26:13','2022-12-09 10:26:13'),(1281,'AMAL','01155222267',NULL,'female',NULL,NULL,2,60,NULL,3,'1','2022-12-09 10:26:13','2022-12-09 10:26:13'),(1282,'REHAM','01016123457',NULL,NULL,NULL,NULL,NULL,NULL,NULL,1,'1','2022-12-09 10:26:13','2022-12-09 10:26:13'),(1283,'NATLY','01063938796',NULL,NULL,NULL,NULL,NULL,NULL,NULL,2,'1','2022-12-09 10:26:14','2022-12-09 10:26:14'),(1284,'MOHAMED','01002416988',NULL,NULL,NULL,NULL,NULL,NULL,NULL,1,'1','2022-12-09 10:26:14','2022-12-09 10:26:14'),(1285,'HEBA','01028185482',NULL,NULL,NULL,NULL,NULL,NULL,NULL,1,'1','2022-12-09 10:26:14','2022-12-09 10:26:14'),(1286,'NOURHAN','01095884584',NULL,NULL,NULL,NULL,NULL,NULL,NULL,1,'1','2022-12-09 10:26:14','2022-12-09 10:26:14'),(1287,'MAI','01096402476',NULL,'female',NULL,NULL,2,60,NULL,1,'1','2022-12-09 10:26:14','2022-12-09 10:26:14'),(1288,'YASMIN','01121936708',NULL,NULL,NULL,NULL,2,60,NULL,1,'1','2022-12-09 10:26:14','2022-12-09 10:26:14'),(1289,'ALIA','01006683998',NULL,NULL,NULL,NULL,2,60,NULL,2,'1','2022-12-09 10:26:14','2022-12-09 10:26:14'),(1290,'HEBA','01069170862',NULL,'female',NULL,NULL,2,60,NULL,1,'1','2022-12-09 10:26:15','2022-12-09 10:26:15'),(1291,'ALI','01288838852',NULL,'male',NULL,NULL,2,60,NULL,2,'1','2022-12-09 10:26:15','2022-12-09 10:26:15'),(1292,'AMIRA','01007893212',NULL,'female',NULL,NULL,2,60,NULL,1,'1','2022-12-09 10:26:15','2022-12-09 10:26:15'),(1293,'SARA','01153353053',NULL,NULL,NULL,NULL,NULL,NULL,NULL,1,'1','2022-12-09 10:26:15','2022-12-09 10:26:15'),(1294,'AHMED','01281133188',NULL,'male',NULL,NULL,2,60,NULL,2,'1','2022-12-09 10:26:16','2022-12-09 10:26:16'),(1295,'FADY','01116063714',NULL,'male',NULL,NULL,2,60,NULL,1,'1','2022-12-09 10:26:16','2022-12-09 10:26:16'),(1296,'NEVEN','01222587973',NULL,'female',NULL,NULL,2,60,NULL,2,'1','2022-12-09 10:26:16','2022-12-09 10:26:16'),(1297,'SARA','01118761899',NULL,'female',NULL,NULL,2,60,NULL,1,'1','2022-12-09 10:26:16','2022-12-09 10:26:16'),(1298,'MONA','01000101089',NULL,'female',NULL,NULL,2,60,NULL,4,'1','2022-12-09 10:26:16','2022-12-09 10:26:16'),(1299,'ESRAA','01005689578',NULL,'female',NULL,NULL,2,60,NULL,3,'1','2022-12-09 10:26:16','2022-12-09 10:26:16'),(1300,'shrouk','01113164323',NULL,NULL,NULL,NULL,NULL,NULL,NULL,1,'1','2022-12-09 10:26:16','2022-12-09 10:26:16'),(1301,'MAGY','01016716862',NULL,'female',NULL,NULL,2,60,NULL,1,'1','2022-12-09 10:26:17','2022-12-09 10:26:17'),(1302,'KHALED','01007020991',NULL,'male',NULL,NULL,2,60,NULL,2,'1','2022-12-09 10:26:17','2022-12-09 10:26:17'),(1303,'malina','01558855100',NULL,NULL,NULL,NULL,NULL,NULL,NULL,1,'1','2022-12-09 10:26:17','2022-12-09 10:26:17'),(1304,'SHIMAA','0100863378',NULL,'female',NULL,NULL,2,60,NULL,1,'1','2022-12-09 10:26:17','2022-12-09 10:26:17'),(1305,'samar','0128527758',NULL,NULL,NULL,NULL,NULL,NULL,NULL,1,'1','2022-12-09 10:26:17','2022-12-09 10:26:17'),(1306,'MENNA','01143743385',NULL,'female',NULL,NULL,2,60,NULL,1,'1','2022-12-09 10:26:17','2022-12-09 10:26:17'),(1307,'ahmed','01228585530',NULL,NULL,NULL,NULL,NULL,NULL,NULL,2,'1','2022-12-09 10:26:18','2022-12-09 10:26:18'),(1308,'HANAN','01220740885',NULL,'female',NULL,NULL,2,60,NULL,1,'1','2022-12-09 10:26:18','2022-12-09 10:26:18'),(1309,'MOHAMED','01020003588',NULL,'male',NULL,NULL,2,60,NULL,1,'1','2022-12-09 10:26:18','2022-12-09 10:26:18'),(1310,'HAGER','01033635111',NULL,'female',NULL,NULL,2,60,NULL,2,'1','2022-12-09 10:26:18','2022-12-09 10:26:18'),(1311,'engy','01275007499',NULL,NULL,NULL,NULL,NULL,NULL,NULL,1,'1','2022-12-09 10:26:18','2022-12-09 10:26:18'),(1312,'NADA','01113992400',NULL,NULL,NULL,NULL,NULL,NULL,NULL,NULL,'1','2022-12-09 10:26:18','2022-12-09 10:26:18'),(1313,'asmahan','01114774117',NULL,'female',NULL,NULL,2,60,NULL,1,'1','2022-12-09 10:26:19','2022-12-09 10:26:19'),(1314,'MARIEM','01017083803',NULL,'female',NULL,NULL,2,60,NULL,3,'1','2022-12-09 10:26:19','2022-12-09 10:26:19'),(1315,'DOAA','01148582389',NULL,'female',NULL,NULL,2,60,NULL,1,'1','2022-12-09 10:26:19','2022-12-09 10:26:19'),(1316,'YOUSEF','01222244054',NULL,'male',NULL,NULL,2,60,NULL,1,'1','2022-12-09 10:26:19','2022-12-09 10:26:19'),(1317,'AMR','01023277715',NULL,'male',NULL,NULL,2,60,NULL,2,'1','2022-12-09 10:26:19','2022-12-09 10:26:19'),(1318,'HISHAM','01002536232',NULL,NULL,NULL,NULL,NULL,NULL,NULL,NULL,'1','2022-12-09 10:26:19','2022-12-09 10:26:19'),(1319,'SAMEH','01003042712.',NULL,'male',NULL,NULL,2,59,NULL,NULL,'1','2022-12-09 10:26:19','2022-12-09 10:26:19'),(1320,'SHYMAA','01000050113',NULL,'female',NULL,NULL,NULL,NULL,NULL,NULL,'1','2022-12-09 10:26:20','2022-12-09 10:26:20'),(1321,'SHERWAT','01001435542',NULL,NULL,NULL,NULL,NULL,NULL,NULL,NULL,'1','2022-12-09 10:26:20','2022-12-09 10:26:20'),(1322,'AMIRA','01221739241',NULL,'female',NULL,NULL,2,60,NULL,1,'1','2022-12-09 10:26:20','2022-12-09 10:26:20'),(1323,'AHMED','01000778094',NULL,NULL,NULL,NULL,2,60,NULL,2,'1','2022-12-09 10:26:20','2022-12-09 10:26:20'),(1324,'michel','01224240074',NULL,'male',NULL,NULL,NULL,NULL,NULL,2,'1','2022-12-09 10:26:20','2022-12-09 10:26:20'),(1325,'reem,','01144455573',NULL,NULL,NULL,NULL,NULL,NULL,NULL,1,'1','2022-12-09 10:26:20','2022-12-09 10:26:20'),(1326,'MANAL','01151400003',NULL,NULL,NULL,NULL,NULL,NULL,NULL,1,'1','2022-12-09 10:26:21','2022-12-09 10:26:21'),(1327,'BASSANT','01159794779',NULL,NULL,NULL,NULL,NULL,NULL,NULL,1,'1','2022-12-09 10:26:21','2022-12-09 10:26:21'),(1328,'sally','01229137910',NULL,NULL,NULL,NULL,NULL,NULL,NULL,NULL,'1','2022-12-09 10:26:21','2022-12-09 10:26:21'),(1329,'mira','01226958899',NULL,NULL,NULL,NULL,NULL,NULL,NULL,NULL,'1','2022-12-09 10:26:21','2022-12-09 10:26:21'),(1330,'nermen omar','01003719479',NULL,'female',NULL,NULL,NULL,NULL,NULL,NULL,'1','2022-12-09 10:26:22','2022-12-09 10:26:22'),(1331,'mohamed','01068891911',NULL,'male',NULL,NULL,2,60,8,1,'1','2022-12-09 10:26:22','2022-12-09 10:26:22'),(1332,'mohamed','01007551103',NULL,'male',NULL,NULL,2,58,8,1,'1','2022-12-09 10:26:22','2022-12-09 10:26:22'),(1333,'eman','01010642916',NULL,'female',NULL,NULL,2,60,8,1,'1','2022-12-09 10:26:22','2022-12-09 10:26:22'),(1334,'YASMIN','01060158781',NULL,'female',NULL,NULL,2,60,7,1,'1','2022-12-09 10:26:22','2022-12-09 10:26:22'),(1335,'alaa','01096135036',NULL,'female',NULL,NULL,2,60,8,1,'1','2022-12-09 10:26:22','2022-12-09 10:26:22'),(1336,'dina','01005172614',NULL,'female',NULL,NULL,2,60,8,1,'1','2022-12-09 10:26:22','2022-12-09 10:26:22'),(1337,'salma','01127029344',NULL,'female',NULL,NULL,2,60,7,1,'1','2022-12-09 10:26:23','2022-12-09 10:26:23'),(1338,'nihal','01006761211',NULL,'female',NULL,NULL,2,60,7,1,'1','2022-12-09 10:26:23','2022-12-09 10:26:23'),(1339,'REHAM','01010000920',NULL,'female',NULL,NULL,2,60,8,1,'1','2022-12-09 10:26:23','2022-12-09 10:26:23'),(1340,'MARIAM','01147930704',NULL,'female',NULL,NULL,2,60,7,1,'1','2022-12-09 10:26:23','2022-12-09 10:26:23'),(1341,'MENA','01204429156',NULL,NULL,NULL,NULL,NULL,NULL,NULL,NULL,'1','2022-12-09 10:26:23','2022-12-09 10:26:23'),(1342,'MARYA','01065791441',NULL,'female',NULL,NULL,2,58,8,1,'1','2022-12-09 10:26:23','2022-12-09 10:26:23'),(1343,'ESRAA','01143424200',NULL,NULL,NULL,NULL,NULL,NULL,NULL,NULL,'1','2022-12-09 10:26:24','2022-12-09 10:26:24'),(1344,'MERNA','01111723441',NULL,NULL,NULL,NULL,NULL,NULL,NULL,NULL,'1','2022-12-09 10:26:24','2022-12-09 10:26:24'),(1345,'SAMA','01094494278',NULL,NULL,NULL,NULL,NULL,NULL,NULL,NULL,'1','2022-12-09 10:26:24','2022-12-09 10:26:24'),(1346,'DALIA','01002471798',NULL,'female',NULL,NULL,2,60,8,1,'1','2022-12-09 10:26:24','2022-12-09 10:26:24'),(1347,'nouran','01112888411',NULL,'female',NULL,NULL,2,60,7,1,'1','2022-12-09 10:26:24','2022-12-09 10:26:24'),(1348,'LAMIS','01092263162',NULL,NULL,NULL,NULL,NULL,NULL,NULL,NULL,'1','2022-12-09 10:26:24','2022-12-09 10:26:24'),(1349,'R054','01066706363',NULL,NULL,NULL,NULL,NULL,NULL,NULL,NULL,'1','2022-12-09 10:26:24','2022-12-09 10:26:24'),(1350,'AMIRA','01007482123',NULL,'female',NULL,NULL,2,60,6,1,'1','2022-12-09 10:26:25','2022-12-09 10:26:25'),(1351,'eaad','01204606946',NULL,'male',NULL,NULL,2,60,6,1,'1','2022-12-09 10:26:25','2022-12-09 10:26:25'),(1352,'gehad','01062336291',NULL,'female',NULL,NULL,2,60,7,1,'1','2022-12-09 10:26:25','2022-12-09 10:26:25'),(1353,'maged','01224052414',NULL,'male',NULL,NULL,2,60,6,2,'1','2022-12-09 10:26:25','2022-12-09 10:26:25'),(1354,'aya','01001222074',NULL,'female',NULL,NULL,2,60,7,1,'1','2022-12-09 10:26:25','2022-12-09 10:26:25'),(1355,'sara','01005673934',NULL,'female',NULL,NULL,2,60,6,2,'1','2022-12-09 10:26:25','2022-12-09 10:26:25'),(1356,'mina','01226945402',NULL,'male',NULL,NULL,2,60,7,2,'1','2022-12-09 10:26:26','2022-12-09 10:26:26'),(1357,'reem','01000230456',NULL,NULL,NULL,NULL,NULL,NULL,NULL,NULL,'1','2022-12-09 10:26:26','2022-12-09 10:26:26'),(1358,'test','0123456',NULL,NULL,NULL,NULL,NULL,NULL,NULL,NULL,'1','2022-12-09 10:26:26','2022-12-09 10:26:26'),(1359,'mohamed','01022113330',NULL,NULL,NULL,NULL,NULL,NULL,NULL,2,'1','2022-12-09 10:26:26','2022-12-09 10:26:26'),(1360,'test','1120677818',NULL,NULL,NULL,NULL,NULL,NULL,NULL,NULL,'1','2022-12-09 10:26:26','2022-12-09 10:26:26'),(1361,'ytr','852369',NULL,NULL,NULL,NULL,NULL,NULL,NULL,NULL,'1','2022-12-09 10:26:26','2022-12-09 10:26:26'),(1362,'sameh','01003042712',NULL,'male',NULL,NULL,NULL,NULL,NULL,NULL,'1','2022-12-09 10:26:26','2022-12-09 10:26:26'),(1363,'hod hod','01027457416',NULL,'female',NULL,NULL,NULL,NULL,NULL,NULL,'1','2022-12-09 10:26:27','2022-12-09 10:26:27'),(1364,'test','01220477924',NULL,NULL,NULL,NULL,NULL,NULL,NULL,NULL,'1','2022-12-09 10:26:27','2022-12-09 10:26:27'),(1365,'Onine','123345666',NULL,NULL,NULL,NULL,NULL,NULL,NULL,NULL,'1','2022-12-09 10:26:27','2022-12-09 10:26:27'),(1366,'test','0120477924',NULL,NULL,NULL,NULL,NULL,NULL,NULL,NULL,'1','2022-12-09 10:26:27','2022-12-09 10:26:27'),(1367,'testoffline','0123458',NULL,NULL,NULL,NULL,NULL,NULL,NULL,NULL,'1','2022-12-09 10:26:27','2022-12-09 10:26:27'),(1368,'Test Anathr PC','3254',NULL,NULL,NULL,NULL,NULL,NULL,NULL,NULL,'1','2022-12-09 10:26:27','2022-12-09 10:26:27'),(1369,'testofflineanaterpc2','124578',NULL,NULL,NULL,NULL,NULL,NULL,NULL,NULL,'1','2022-12-09 10:26:28','2022-12-09 10:26:28'),(1370,'dina','01020814188',NULL,'female',NULL,NULL,2,59,8,4,'1','2022-12-09 10:27:43','2022-12-09 10:27:43'),(1371,'sara','01006603406',NULL,'female',NULL,NULL,2,60,7,2,'1','2022-12-09 10:27:44','2022-12-09 10:27:44'),(1372,'MOHAMED','01000456592',NULL,NULL,NULL,NULL,2,60,6,1,'1','2022-12-09 10:27:44','2022-12-09 10:27:44'),(1373,'RADWA','01015770010',NULL,'female',NULL,NULL,2,60,7,1,'1','2022-12-09 10:27:44','2022-12-09 10:27:44'),(1374,'MARWA','01001203121',NULL,NULL,NULL,NULL,2,60,7,1,'1','2022-12-09 10:27:44','2022-12-09 10:27:44'),(1375,'MAHMOUD','01095557315',NULL,'male',NULL,NULL,2,60,8,1,'1','2022-12-09 10:27:44','2022-12-09 10:27:44'),(1376,'heissen','01069979950',NULL,'male',NULL,NULL,2,60,7,1,'1','2022-12-09 10:27:45','2022-12-09 10:27:45'),(1377,'ENGY','01212134758',NULL,'female',NULL,NULL,2,60,7,2,'1','2022-12-09 10:27:45','2022-12-09 10:27:45'),(1378,'HALA','01223952810',NULL,'female',NULL,NULL,2,60,7,2,'1','2022-12-09 10:27:45','2022-12-09 10:27:45'),(1379,'HADER','01144607074',NULL,'female',NULL,NULL,2,59,NULL,NULL,'1','2022-12-09 10:27:45','2022-12-09 10:27:45'),(1380,'ASMAA','01021045046',NULL,'female',NULL,NULL,2,60,7,2,'1','2022-12-09 10:27:45','2022-12-09 10:27:45'),(1381,'MENA','07069889005',NULL,'female',NULL,NULL,2,59,NULL,NULL,'1','2022-12-09 10:27:45','2022-12-09 10:27:45'),(1382,'Abdullah shaban','01156668599',NULL,NULL,NULL,NULL,NULL,NULL,NULL,NULL,'1','2022-12-09 10:27:45','2022-12-09 10:27:45'),(1383,'nada','01111776541',NULL,'female',NULL,NULL,2,60,6,8,'1','2022-12-09 10:27:46','2022-12-09 10:27:46'),(1384,'AMIRA','01028232242',NULL,'female',NULL,NULL,2,60,7,1,'1','2022-12-09 10:27:46','2022-12-09 10:27:46'),(1385,'LAMIS','01113331006',NULL,'female',NULL,NULL,2,60,7,2,'1','2022-12-09 10:27:46','2022-12-09 10:27:46'),(1386,'TAGHREED','01000445300',NULL,'female',NULL,NULL,2,60,7,3,'1','2022-12-09 10:27:46','2022-12-09 10:27:46'),(1387,'MARIAM','01066266626',NULL,'female',NULL,NULL,2,60,7,1,'1','2022-12-09 10:27:46','2022-12-09 10:27:46'),(1388,'manar','01002414690',NULL,'female',NULL,NULL,2,60,7,2,'1','2022-12-09 10:27:46','2022-12-09 10:27:46'),(1389,'crestein','01285473227',NULL,'female',NULL,NULL,2,60,6,2,'1','2022-12-09 10:27:47','2022-12-09 10:27:47'),(1390,'SARA','01066844331',NULL,'female',NULL,NULL,2,60,6,2,'1','2022-12-09 10:27:47','2022-12-09 10:27:47'),(1391,'menna','01271222273',NULL,'female',NULL,NULL,2,60,7,1,'1','2022-12-09 10:27:47','2022-12-09 10:27:47'),(1392,'marwa','01008409749',NULL,'male',NULL,NULL,2,60,NULL,1,'1','2022-12-09 10:27:47','2022-12-09 10:27:47'),(1393,'ahmed','01149514424',NULL,'male',NULL,NULL,2,60,8,1,'1','2022-12-09 10:27:47','2022-12-09 10:27:47'),(1394,'basant','01001260941',NULL,NULL,NULL,NULL,NULL,NULL,NULL,NULL,'1','2022-12-09 10:27:47','2022-12-09 10:27:47'),(1395,'eman','01024713093',NULL,NULL,NULL,NULL,NULL,NULL,NULL,NULL,'1','2022-12-09 10:27:47','2022-12-09 10:27:47'),(1396,'AMINA','01001005353',NULL,NULL,NULL,NULL,NULL,NULL,NULL,NULL,'1','2022-12-09 10:27:48','2022-12-09 10:27:48'),(1397,'MOHAMED','01128550087',NULL,NULL,NULL,NULL,NULL,NULL,NULL,NULL,'1','2022-12-09 10:27:48','2022-12-09 10:27:48'),(1398,'HAMS','01030732954',NULL,NULL,NULL,NULL,NULL,NULL,NULL,NULL,'1','2022-12-09 10:27:48','2022-12-09 10:27:48'),(1399,'hadeer','01146531474',NULL,NULL,NULL,NULL,NULL,NULL,NULL,NULL,'1','2022-12-09 10:27:48','2022-12-09 10:27:48'),(1400,'aya','01014477173',NULL,'male',NULL,NULL,2,60,7,1,'1','2022-12-09 10:27:48','2022-12-09 10:27:48'),(1401,'AHMED','01007413574',NULL,'male',NULL,NULL,2,60,7,1,'1','2022-12-09 10:27:48','2022-12-09 10:27:48'),(1402,'MAGY','01005469332',NULL,'female',NULL,NULL,2,60,7,2,'1','2022-12-09 10:27:49','2022-12-09 10:27:49'),(1403,'ISMAIL','01067616986',NULL,NULL,NULL,NULL,NULL,NULL,NULL,NULL,'1','2022-12-09 10:27:49','2022-12-09 10:27:49'),(1404,'MAHMOUD','0102570862',NULL,NULL,NULL,NULL,NULL,NULL,NULL,NULL,'1','2022-12-09 10:27:49','2022-12-09 10:27:49'),(1405,'MAHA','01220500738',NULL,'female',NULL,NULL,2,60,7,3,'1','2022-12-09 10:27:49','2022-12-09 10:27:49'),(1406,'SALAH','0114449084',NULL,'male',NULL,NULL,2,60,NULL,3,'1','2022-12-09 10:27:49','2022-12-09 10:27:49'),(1407,'ALI','01015404182',NULL,'male',NULL,NULL,2,60,NULL,2,'1','2022-12-09 10:27:49','2022-12-09 10:27:49'),(1408,'HEBA','01223887663',NULL,'female',NULL,NULL,2,60,NULL,1,'1','2022-12-09 10:27:49','2022-12-09 10:27:49'),(1409,'HODA','01000016821',NULL,'female',NULL,NULL,NULL,NULL,NULL,NULL,'1','2022-12-09 10:27:50','2022-12-09 10:27:50'),(1410,'hossam','01155310173','hossam@gmail.com','male',NULL,NULL,2,60,7,2,'1','2022-12-09 10:27:50','2022-12-09 10:27:50'),(1411,'aya','01100821310',NULL,NULL,NULL,NULL,2,60,8,2,'1','2022-12-09 10:27:50','2022-12-09 10:27:50'),(1412,'moustafa','01009493020',NULL,NULL,NULL,NULL,NULL,NULL,NULL,NULL,'1','2022-12-09 10:27:50','2022-12-09 10:27:50'),(1413,'ahmed','01064390345',NULL,NULL,NULL,NULL,2,60,7,2,'1','2022-12-09 10:27:50','2022-12-09 10:27:50'),(1414,'youmna','01009084690',NULL,NULL,NULL,NULL,NULL,NULL,NULL,NULL,'1','2022-12-09 10:27:50','2022-12-09 10:27:50'),(1415,'maha','01006586165',NULL,'female',NULL,NULL,2,58,7,2,'1','2022-12-09 10:27:51','2022-12-09 10:27:51'),(1416,'AHMED','01000328272',NULL,'male',NULL,NULL,2,60,4,2,'1','2022-12-09 10:27:51','2022-12-09 10:27:51'),(1417,'amr','01016644750',NULL,'male',NULL,NULL,2,60,7,1,'1','2022-12-09 10:27:51','2022-12-09 10:27:51'),(1418,'basma','01123750038',NULL,NULL,NULL,NULL,NULL,NULL,NULL,NULL,'1','2022-12-09 10:27:51','2022-12-09 10:27:51'),(1419,'SALMA','01000101917',NULL,NULL,NULL,NULL,NULL,NULL,NULL,NULL,'1','2022-12-09 10:27:51','2022-12-09 10:27:51'),(1420,'MAHMOUD','01000960657',NULL,NULL,NULL,NULL,NULL,NULL,NULL,NULL,'1','2022-12-09 10:27:51','2022-12-09 10:27:51'),(1421,'AHMED','01001893315',NULL,NULL,NULL,NULL,NULL,NULL,NULL,NULL,'1','2022-12-09 10:27:52','2022-12-09 10:27:52'),(1422,'LOBNA','01121177024',NULL,'female',NULL,NULL,2,60,7,1,'1','2022-12-09 10:27:52','2022-12-09 10:27:52'),(1423,'RAGAAI','01001475500',NULL,'male',NULL,NULL,2,60,8,2,'1','2022-12-09 10:27:52','2022-12-09 10:27:52'),(1424,'MOHAMED','01211822632',NULL,'male',NULL,NULL,2,60,8,3,'1','2022-12-09 10:27:52','2022-12-09 10:27:52'),(1425,'MOHAMED','01096899444',NULL,'male',NULL,NULL,2,60,7,1,'1','2022-12-09 10:27:52','2022-12-09 10:27:52'),(1426,'MOHAMED','01014422464',NULL,'male',NULL,NULL,2,60,7,1,'1','2022-12-09 10:27:52','2022-12-09 10:27:52'),(1427,'FATMA','01025111241',NULL,'female',NULL,NULL,2,60,7,1,'1','2022-12-09 10:27:52','2022-12-09 10:27:52'),(1428,'YASMIN','01014827035',NULL,'female',NULL,NULL,2,60,7,1,'1','2022-12-09 10:27:53','2022-12-09 10:27:53'),(1429,'MOHAMED','01000887882',NULL,NULL,NULL,NULL,2,60,6,1,'1','2022-12-09 10:27:53','2022-12-09 10:27:53'),(1430,'OMAR','01203008059',NULL,'male',NULL,NULL,2,60,6,1,'1','2022-12-09 10:27:53','2022-12-09 10:27:53'),(1431,'AMR','01015157878',NULL,NULL,NULL,NULL,NULL,NULL,NULL,NULL,'1','2022-12-09 10:27:53','2022-12-09 10:27:53'),(1432,'YOUMNA','01008458606',NULL,NULL,NULL,NULL,NULL,NULL,NULL,NULL,'1','2022-12-09 10:27:53','2022-12-09 10:27:53'),(1433,'SARA','01007071637',NULL,'female',NULL,NULL,2,60,7,1,'1','2022-12-09 10:27:53','2022-12-09 10:27:53'),(1434,'AMANI','01023868738',NULL,NULL,NULL,NULL,NULL,NULL,NULL,NULL,'1','2022-12-09 10:27:54','2022-12-09 10:27:54'),(1435,'JENA','012200000992',NULL,NULL,NULL,NULL,NULL,NULL,NULL,NULL,'1','2022-12-09 10:27:54','2022-12-09 10:27:54'),(1436,'MONA','01065828885',NULL,NULL,NULL,NULL,2,60,8,1,'1','2022-12-09 10:27:54','2022-12-09 10:27:54'),(1437,'AYMAN','01002072565',NULL,NULL,NULL,NULL,NULL,NULL,NULL,NULL,'1','2022-12-09 10:27:54','2022-12-09 10:27:54'),(1438,'DESY','01017191433',NULL,'female',NULL,NULL,2,60,8,2,'1','2022-12-09 10:27:54','2022-12-09 10:27:54'),(1439,'NOHA','01150080016',NULL,NULL,NULL,NULL,2,60,8,3,'1','2022-12-09 10:27:54','2022-12-09 10:27:54'),(1440,'TASNEM','01000380236',NULL,'female',NULL,NULL,2,60,8,1,'1','2022-12-09 10:27:54','2022-12-09 10:27:54'),(1441,'selvia','01092177352',NULL,'female',NULL,NULL,2,60,7,1,'1','2022-12-09 10:27:55','2022-12-09 10:27:55'),(1442,'hoda','01063427722',NULL,'female',NULL,NULL,2,59,7,1,'1','2022-12-09 10:27:55','2022-12-09 10:27:55'),(1443,'nourhan','01156609991',NULL,'female',NULL,NULL,NULL,NULL,NULL,1,'1','2022-12-09 10:27:55','2022-12-09 10:27:55'),(1444,'salma','01026221633',NULL,'female',NULL,NULL,NULL,NULL,7,2,'1','2022-12-09 10:27:55','2022-12-09 10:27:55'),(1445,'SOHA','01099715394',NULL,'female',NULL,NULL,2,60,NULL,3,'1','2022-12-09 10:27:55','2022-12-09 10:27:55'),(1446,'HAKMET','01067205091',NULL,'female',NULL,NULL,2,60,NULL,1,'1','2022-12-09 10:27:55','2022-12-09 10:27:55'),(1447,'MAHMOUD','01066659210',NULL,'male',NULL,NULL,2,60,NULL,1,'1','2022-12-09 10:27:56','2022-12-09 10:27:56'),(1448,'MAHMOUD','01221467446',NULL,'male',NULL,NULL,2,60,NULL,1,'1','2022-12-09 10:27:56','2022-12-09 10:27:56'),(1449,'SEIF','01005705858',NULL,'male',NULL,NULL,2,60,NULL,2,'1','2022-12-09 10:27:56','2022-12-09 10:27:56'),(1450,'RASHA','01299757544',NULL,'female',NULL,NULL,2,60,NULL,1,'1','2022-12-09 10:27:56','2022-12-09 10:27:56'),(1451,'amany','01003743418',NULL,'female',NULL,NULL,2,NULL,NULL,2,'1','2022-12-09 10:27:56','2022-12-09 10:27:56'),(1452,'SAMAR','01000018172',NULL,'female',NULL,NULL,2,60,NULL,2,'1','2022-12-09 10:27:56','2022-12-09 10:27:56'),(1453,'kareem','01207776793',NULL,'male',NULL,NULL,NULL,NULL,NULL,1,'1','2022-12-09 10:27:56','2022-12-09 10:27:56'),(1454,'SHRIF','01528806744',NULL,'male',NULL,NULL,2,60,NULL,1,'1','2022-12-09 10:27:57','2022-12-09 10:27:57'),(1455,'asmaa','01121400848',NULL,NULL,NULL,NULL,NULL,NULL,NULL,2,'1','2022-12-09 10:27:57','2022-12-09 10:27:57'),(1456,'ahmed','01000446610',NULL,NULL,NULL,NULL,NULL,NULL,NULL,1,'1','2022-12-09 10:27:57','2022-12-09 10:27:57'),(1457,'NOUR','01001830446',NULL,'female',NULL,NULL,2,60,NULL,1,'1','2022-12-09 10:27:57','2022-12-09 10:27:57'),(1458,'g071','01064440777',NULL,'male',NULL,NULL,NULL,NULL,NULL,1,'1','2022-12-09 10:27:57','2022-12-09 10:27:57'),(1459,'ahmed','01006677612',NULL,NULL,NULL,NULL,NULL,NULL,NULL,1,'1','2022-12-09 10:27:57','2022-12-09 10:27:57'),(1460,'SHRIF','01142254444',NULL,'male',NULL,NULL,2,60,NULL,2,'1','2022-12-09 10:27:58','2022-12-09 10:27:58'),(1461,'AMAL','01155222267',NULL,'female',NULL,NULL,2,60,NULL,3,'1','2022-12-09 10:27:58','2022-12-09 10:27:58'),(1462,'REHAM','01016123457',NULL,NULL,NULL,NULL,NULL,NULL,NULL,1,'1','2022-12-09 10:27:58','2022-12-09 10:27:58'),(1463,'NATLY','01063938796',NULL,NULL,NULL,NULL,NULL,NULL,NULL,2,'1','2022-12-09 10:27:58','2022-12-09 10:27:58'),(1464,'MOHAMED','01002416988',NULL,NULL,NULL,NULL,NULL,NULL,NULL,1,'1','2022-12-09 10:27:58','2022-12-09 10:27:58'),(1465,'HEBA','01028185482',NULL,NULL,NULL,NULL,NULL,NULL,NULL,1,'1','2022-12-09 10:27:58','2022-12-09 10:27:58'),(1466,'NOURHAN','01095884584',NULL,NULL,NULL,NULL,NULL,NULL,NULL,1,'1','2022-12-09 10:27:59','2022-12-09 10:27:59'),(1467,'MAI','01096402476',NULL,'female',NULL,NULL,2,60,NULL,1,'1','2022-12-09 10:27:59','2022-12-09 10:27:59'),(1468,'YASMIN','01121936708',NULL,NULL,NULL,NULL,2,60,NULL,1,'1','2022-12-09 10:27:59','2022-12-09 10:27:59'),(1469,'ALIA','01006683998',NULL,NULL,NULL,NULL,2,60,NULL,2,'1','2022-12-09 10:27:59','2022-12-09 10:27:59'),(1470,'HEBA','01069170862',NULL,'female',NULL,NULL,2,60,NULL,1,'1','2022-12-09 10:27:59','2022-12-09 10:27:59'),(1471,'ALI','01288838852',NULL,'male',NULL,NULL,2,60,NULL,2,'1','2022-12-09 10:27:59','2022-12-09 10:27:59'),(1472,'AMIRA','01007893212',NULL,'female',NULL,NULL,2,60,NULL,1,'1','2022-12-09 10:27:59','2022-12-09 10:27:59'),(1473,'SARA','01153353053',NULL,NULL,NULL,NULL,NULL,NULL,NULL,1,'1','2022-12-09 10:28:00','2022-12-09 10:28:00'),(1474,'AHMED','01281133188',NULL,'male',NULL,NULL,2,60,NULL,2,'1','2022-12-09 10:28:00','2022-12-09 10:28:00'),(1475,'FADY','01116063714',NULL,'male',NULL,NULL,2,60,NULL,1,'1','2022-12-09 10:28:00','2022-12-09 10:28:00'),(1476,'NEVEN','01222587973',NULL,'female',NULL,NULL,2,60,NULL,2,'1','2022-12-09 10:28:00','2022-12-09 10:28:00'),(1477,'SARA','01118761899',NULL,'female',NULL,NULL,2,60,NULL,1,'1','2022-12-09 10:28:00','2022-12-09 10:28:00'),(1478,'MONA','01000101089',NULL,'female',NULL,NULL,2,60,NULL,4,'1','2022-12-09 10:28:00','2022-12-09 10:28:00'),(1479,'ESRAA','01005689578',NULL,'female',NULL,NULL,2,60,NULL,3,'1','2022-12-09 10:28:01','2022-12-09 10:28:01'),(1480,'shrouk','01113164323',NULL,NULL,NULL,NULL,NULL,NULL,NULL,1,'1','2022-12-09 10:28:01','2022-12-09 10:28:01'),(1481,'MAGY','01016716862',NULL,'female',NULL,NULL,2,60,NULL,1,'1','2022-12-09 10:28:01','2022-12-09 10:28:01'),(1482,'KHALED','01007020991',NULL,'male',NULL,NULL,2,60,NULL,2,'1','2022-12-09 10:28:01','2022-12-09 10:28:01'),(1483,'malina','01558855100',NULL,NULL,NULL,NULL,NULL,NULL,NULL,1,'1','2022-12-09 10:28:01','2022-12-09 10:28:01'),(1484,'SHIMAA','0100863378',NULL,'female',NULL,NULL,2,60,NULL,1,'1','2022-12-09 10:28:01','2022-12-09 10:28:01'),(1485,'samar','0128527758',NULL,NULL,NULL,NULL,NULL,NULL,NULL,1,'1','2022-12-09 10:28:02','2022-12-09 10:28:02'),(1486,'MENNA','01143743385',NULL,'female',NULL,NULL,2,60,NULL,1,'1','2022-12-09 10:28:02','2022-12-09 10:28:02'),(1487,'ahmed','01228585530',NULL,NULL,NULL,NULL,NULL,NULL,NULL,2,'1','2022-12-09 10:28:02','2022-12-09 10:28:02'),(1488,'HANAN','01220740885',NULL,'female',NULL,NULL,2,60,NULL,1,'1','2022-12-09 10:28:02','2022-12-09 10:28:02'),(1489,'MOHAMED','01020003588',NULL,'male',NULL,NULL,2,60,NULL,1,'1','2022-12-09 10:28:02','2022-12-09 10:28:02'),(1490,'HAGER','01033635111',NULL,'female',NULL,NULL,2,60,NULL,2,'1','2022-12-09 10:28:02','2022-12-09 10:28:02'),(1491,'engy','01275007499',NULL,NULL,NULL,NULL,NULL,NULL,NULL,1,'1','2022-12-09 10:28:02','2022-12-09 10:28:02'),(1492,'NADA','01113992400',NULL,NULL,NULL,NULL,NULL,NULL,NULL,NULL,'1','2022-12-09 10:28:03','2022-12-09 10:28:03'),(1493,'asmahan','01114774117',NULL,'female',NULL,NULL,2,60,NULL,1,'1','2022-12-09 10:28:03','2022-12-09 10:28:03'),(1494,'MARIEM','01017083803',NULL,'female',NULL,NULL,2,60,NULL,3,'1','2022-12-09 10:28:03','2022-12-09 10:28:03'),(1495,'DOAA','01148582389',NULL,'female',NULL,NULL,2,60,NULL,1,'1','2022-12-09 10:28:03','2022-12-09 10:28:03'),(1496,'YOUSEF','01222244054',NULL,'male',NULL,NULL,2,60,NULL,1,'1','2022-12-09 10:28:03','2022-12-09 10:28:03'),(1497,'AMR','01023277715',NULL,'male',NULL,NULL,2,60,NULL,2,'1','2022-12-09 10:28:03','2022-12-09 10:28:03'),(1498,'HISHAM','01002536232',NULL,NULL,NULL,NULL,NULL,NULL,NULL,NULL,'1','2022-12-09 10:28:04','2022-12-09 10:28:04'),(1499,'SAMEH','01003042712.',NULL,'male',NULL,NULL,2,59,NULL,NULL,'1','2022-12-09 10:28:04','2022-12-09 10:28:04'),(1500,'SHYMAA','01000050113',NULL,'female',NULL,NULL,NULL,NULL,NULL,NULL,'1','2022-12-09 10:28:04','2022-12-09 10:28:04'),(1501,'SHERWAT','01001435542',NULL,NULL,NULL,NULL,NULL,NULL,NULL,NULL,'1','2022-12-09 10:28:04','2022-12-09 10:28:04'),(1502,'AMIRA','01221739241',NULL,'female',NULL,NULL,2,60,NULL,1,'1','2022-12-09 10:28:04','2022-12-09 10:28:04'),(1503,'AHMED','01000778094',NULL,NULL,NULL,NULL,2,60,NULL,2,'1','2022-12-09 10:28:04','2022-12-09 10:28:04'),(1504,'michel','01224240074',NULL,'male',NULL,NULL,NULL,NULL,NULL,2,'1','2022-12-09 10:28:05','2022-12-09 10:28:05'),(1505,'reem,','01144455573',NULL,NULL,NULL,NULL,NULL,NULL,NULL,1,'1','2022-12-09 10:28:05','2022-12-09 10:28:05'),(1506,'MANAL','01151400003',NULL,NULL,NULL,NULL,NULL,NULL,NULL,1,'1','2022-12-09 10:28:05','2022-12-09 10:28:05'),(1507,'BASSANT','01159794779',NULL,NULL,NULL,NULL,NULL,NULL,NULL,1,'1','2022-12-09 10:28:05','2022-12-09 10:28:05'),(1508,'sally','01229137910',NULL,NULL,NULL,NULL,NULL,NULL,NULL,NULL,'1','2022-12-09 10:28:05','2022-12-09 10:28:05'),(1509,'mira','01226958899',NULL,NULL,NULL,NULL,NULL,NULL,NULL,NULL,'1','2022-12-09 10:28:05','2022-12-09 10:28:05'),(1510,'nermen omar','01003719479',NULL,'female',NULL,NULL,NULL,NULL,NULL,NULL,'1','2022-12-09 10:28:05','2022-12-09 10:28:05'),(1511,'mohamed','01068891911',NULL,'male',NULL,NULL,2,60,8,1,'1','2022-12-09 10:28:06','2022-12-09 10:28:06'),(1512,'mohamed','01007551103',NULL,'male',NULL,NULL,2,58,8,1,'1','2022-12-09 10:28:06','2022-12-09 10:28:06'),(1513,'eman','01010642916',NULL,'female',NULL,NULL,2,60,8,1,'1','2022-12-09 10:28:06','2022-12-09 10:28:06'),(1514,'YASMIN','01060158781',NULL,'female',NULL,NULL,2,60,7,1,'1','2022-12-09 10:28:06','2022-12-09 10:28:06'),(1515,'alaa','01096135036',NULL,'female',NULL,NULL,2,60,8,1,'1','2022-12-09 10:28:06','2022-12-09 10:28:06'),(1516,'dina','01005172614',NULL,'female',NULL,NULL,2,60,8,1,'1','2022-12-09 10:28:06','2022-12-09 10:28:06'),(1517,'salma','01127029344',NULL,'female',NULL,NULL,2,60,7,1,'1','2022-12-09 10:28:07','2022-12-09 10:28:07'),(1518,'nihal','01006761211',NULL,'female',NULL,NULL,2,60,7,1,'1','2022-12-09 10:28:07','2022-12-09 10:28:07'),(1519,'REHAM','01010000920',NULL,'female',NULL,NULL,2,60,8,1,'1','2022-12-09 10:28:07','2022-12-09 10:28:07'),(1520,'MARIAM','01147930704',NULL,'female',NULL,NULL,2,60,7,1,'1','2022-12-09 10:28:07','2022-12-09 10:28:07'),(1521,'MENA','01204429156',NULL,NULL,NULL,NULL,NULL,NULL,NULL,NULL,'1','2022-12-09 10:28:07','2022-12-09 10:28:07'),(1522,'MARYA','01065791441',NULL,'female',NULL,NULL,2,58,8,1,'1','2022-12-09 10:28:07','2022-12-09 10:28:07'),(1523,'ESRAA','01143424200',NULL,NULL,NULL,NULL,NULL,NULL,NULL,NULL,'1','2022-12-09 10:28:07','2022-12-09 10:28:07'),(1524,'MERNA','01111723441',NULL,NULL,NULL,NULL,NULL,NULL,NULL,NULL,'1','2022-12-09 10:28:08','2022-12-09 10:28:08'),(1525,'SAMA','01094494278',NULL,NULL,NULL,NULL,NULL,NULL,NULL,NULL,'1','2022-12-09 10:28:08','2022-12-09 10:28:08'),(1526,'DALIA','01002471798',NULL,'female',NULL,NULL,2,60,8,1,'1','2022-12-09 10:28:08','2022-12-09 10:28:08'),(1527,'nouran','01112888411',NULL,'female',NULL,NULL,2,60,7,1,'1','2022-12-09 10:28:08','2022-12-09 10:28:08'),(1528,'LAMIS','01092263162',NULL,NULL,NULL,NULL,NULL,NULL,NULL,NULL,'1','2022-12-09 10:28:08','2022-12-09 10:28:08'),(1529,'R054','01066706363',NULL,NULL,NULL,NULL,NULL,NULL,NULL,NULL,'1','2022-12-09 10:28:08','2022-12-09 10:28:08'),(1530,'AMIRA','01007482123',NULL,'female',NULL,NULL,2,60,6,1,'1','2022-12-09 10:28:09','2022-12-09 10:28:09'),(1531,'eaad','01204606946',NULL,'male',NULL,NULL,2,60,6,1,'1','2022-12-09 10:28:09','2022-12-09 10:28:09'),(1532,'gehad','01062336291',NULL,'female',NULL,NULL,2,60,7,1,'1','2022-12-09 10:28:09','2022-12-09 10:28:09'),(1533,'maged','01224052414',NULL,'male',NULL,NULL,2,60,6,2,'1','2022-12-09 10:28:09','2022-12-09 10:28:09'),(1534,'aya','01001222074',NULL,'female',NULL,NULL,2,60,7,1,'1','2022-12-09 10:28:09','2022-12-09 10:28:09'),(1535,'sara','01005673934',NULL,'female',NULL,NULL,2,60,6,2,'1','2022-12-09 10:28:09','2022-12-09 10:28:09'),(1536,'mina','01226945402',NULL,'male',NULL,NULL,2,60,7,2,'1','2022-12-09 10:28:10','2022-12-09 10:28:10'),(1537,'reem','01000230456',NULL,NULL,NULL,NULL,NULL,NULL,NULL,NULL,'1','2022-12-09 10:28:10','2022-12-09 10:28:10'),(1538,'test','0123456',NULL,NULL,NULL,NULL,NULL,NULL,NULL,NULL,'1','2022-12-09 10:28:10','2022-12-09 10:28:10'),(1539,'mohamed','01022113330',NULL,NULL,NULL,NULL,NULL,NULL,NULL,2,'1','2022-12-09 10:28:10','2022-12-09 10:28:10'),(1540,'test','1120677818',NULL,NULL,NULL,NULL,NULL,NULL,NULL,NULL,'1','2022-12-09 10:28:10','2022-12-09 10:28:10'),(1541,'ytr','852369',NULL,NULL,NULL,NULL,NULL,NULL,NULL,NULL,'1','2022-12-09 10:28:10','2022-12-09 10:28:10'),(1542,'sameh','01003042712',NULL,'male',NULL,NULL,NULL,NULL,NULL,NULL,'1','2022-12-09 10:28:10','2022-12-09 10:28:10'),(1543,'hod hod','01027457416',NULL,'female',NULL,NULL,NULL,NULL,NULL,NULL,'1','2022-12-09 10:28:11','2022-12-09 10:28:11'),(1544,'test','01220477924',NULL,NULL,NULL,NULL,NULL,NULL,NULL,NULL,'1','2022-12-09 10:28:11','2022-12-09 10:28:11'),(1545,'Onine','123345666',NULL,NULL,NULL,NULL,NULL,NULL,NULL,NULL,'1','2022-12-09 10:28:11','2022-12-09 10:28:11'),(1546,'test','0120477924',NULL,NULL,NULL,NULL,NULL,NULL,NULL,NULL,'1','2022-12-09 10:28:11','2022-12-09 10:28:11'),(1547,'testoffline','0123458',NULL,NULL,NULL,NULL,NULL,NULL,NULL,NULL,'1','2022-12-09 10:28:11','2022-12-09 10:28:11'),(1548,'Test Anathr PC','3254',NULL,NULL,NULL,NULL,NULL,NULL,NULL,NULL,'1','2022-12-09 10:28:11','2022-12-09 10:28:11'),(1549,'testofflineanaterpc2','124578',NULL,NULL,NULL,NULL,NULL,NULL,NULL,NULL,'1','2022-12-09 10:28:12','2022-12-09 10:28:12'),(1550,'dfdf666','7656756756000',NULL,NULL,NULL,NULL,NULL,NULL,NULL,NULL,'0','2022-12-09 12:15:48','2022-12-09 12:15:48'),(1551,'sszaxs','854354398593',NULL,NULL,NULL,NULL,NULL,NULL,NULL,NULL,'0','2022-12-13 08:14:16','2022-12-13 08:14:16'),(1552,'sdds','5743753487000',NULL,NULL,NULL,NULL,NULL,NULL,NULL,NULL,'0','2022-12-13 11:03:29','2022-12-13 11:03:29'),(1553,'ds','96556',NULL,NULL,NULL,NULL,NULL,NULL,NULL,NULL,'0','2022-12-13 11:09:00','2022-12-13 11:09:00'),(1554,'dsds','456000',NULL,NULL,NULL,NULL,NULL,NULL,NULL,NULL,'0','2022-12-13 11:16:02','2022-12-13 11:16:02'),(1555,'dsd','734758345000',NULL,NULL,NULL,NULL,NULL,NULL,NULL,NULL,'0','2022-12-13 11:19:58','2022-12-13 11:19:58'),(1556,'ssslll','89384938900',NULL,NULL,NULL,NULL,NULL,NULL,NULL,NULL,'0','2022-12-13 11:23:11','2022-12-13 11:23:11'),(1557,'dadas','5453453400000',NULL,NULL,NULL,NULL,NULL,NULL,NULL,NULL,'0','2022-12-13 12:53:59','2022-12-13 12:53:59'),(1558,'ddd','232321111111',NULL,NULL,NULL,NULL,NULL,NULL,NULL,NULL,'0','2022-12-14 13:42:12','2022-12-14 13:42:12'),(1559,'dsds','4384823788438483',NULL,NULL,NULL,NULL,NULL,NULL,NULL,NULL,'0','2022-12-18 12:10:09','2022-12-18 12:10:09'),(1560,'dshds','42342345244',NULL,NULL,NULL,NULL,NULL,NULL,NULL,NULL,'0','2022-12-18 12:35:28','2022-12-18 12:35:28'),(1561,'ddd','756756756',NULL,NULL,NULL,NULL,NULL,NULL,NULL,NULL,'0','2022-12-18 16:23:53','2022-12-18 16:23:53'),(1562,'dsds','7676575999',NULL,NULL,NULL,NULL,NULL,NULL,NULL,NULL,'0','2022-12-20 07:20:27','2022-12-20 07:20:27'),(1563,'dd21','646456598989',NULL,NULL,NULL,NULL,NULL,NULL,NULL,NULL,'0','2022-12-20 07:27:08','2022-12-20 07:27:08'),(1564,'IIIIIIIIIIIIIIIIIIIIIIIIIII','453487500000000',NULL,NULL,NULL,NULL,NULL,NULL,NULL,NULL,'0','2022-12-20 08:22:54','2022-12-20 08:22:54'),(1565,'x','575686',NULL,NULL,NULL,NULL,NULL,NULL,NULL,NULL,'0','2022-12-20 09:20:56','2022-12-20 09:20:56'),(1566,'bxcvbvcbxvbcvxb','54896845965',NULL,NULL,NULL,NULL,NULL,NULL,NULL,NULL,'0','2022-12-20 13:57:00','2022-12-20 13:57:00'),(1567,'dddwwwwwwww','565463132133123',NULL,NULL,NULL,NULL,NULL,NULL,NULL,NULL,'0','2022-12-21 06:48:24','2022-12-21 06:48:24'),(1568,'xxxxsssc','98978978974444',NULL,NULL,NULL,NULL,NULL,NULL,NULL,NULL,'0','2022-12-21 06:49:37','2022-12-21 06:49:37'),(1569,'Allam Mohamed','90907070232',NULL,NULL,NULL,NULL,NULL,NULL,NULL,NULL,'0','2022-12-21 07:02:20','2022-12-21 07:02:20'),(1570,'ffffsssss','5656564566666',NULL,NULL,NULL,NULL,NULL,NULL,NULL,NULL,'0','2022-12-21 07:15:45','2022-12-21 07:15:45'),(1571,'ccccc','096045604596000',NULL,NULL,NULL,NULL,NULL,NULL,NULL,NULL,'0','2022-12-21 07:26:38','2022-12-21 07:26:38'),(1572,'ddxxxxxxxxx','0960709670',NULL,NULL,NULL,NULL,NULL,NULL,NULL,NULL,'0','2022-12-21 07:33:48','2022-12-21 07:33:48'),(1573,'ss','668787',NULL,NULL,NULL,NULL,NULL,NULL,NULL,NULL,'0','2022-12-21 07:35:27','2022-12-21 07:35:27'),(1574,'ddssssss','6878755555',NULL,NULL,NULL,NULL,NULL,NULL,NULL,NULL,'0','2022-12-21 08:01:20','2022-12-21 08:01:20'),(1575,'ddaaaaaa','85965479897',NULL,NULL,NULL,NULL,NULL,NULL,NULL,NULL,'0','2022-12-21 08:36:06','2022-12-21 08:36:06'),(1576,'ddddsasa','76767',NULL,NULL,NULL,NULL,NULL,NULL,NULL,NULL,'0','2022-12-21 08:36:29','2022-12-21 08:36:29'),(1577,'vbvnejrje','9607906760565',NULL,NULL,NULL,NULL,NULL,NULL,NULL,NULL,'0','2022-12-21 11:16:55','2022-12-21 11:16:55'),(1578,'s','5685968596',NULL,NULL,NULL,NULL,NULL,NULL,NULL,NULL,'0','2022-12-23 07:50:18','2022-12-23 07:50:18'),(1579,'ءءء','76767600000',NULL,NULL,NULL,NULL,NULL,NULL,NULL,NULL,'0','2022-12-23 08:09:17','2022-12-23 08:09:17'),(1580,'d','5895468945645933333',NULL,NULL,NULL,NULL,NULL,NULL,NULL,NULL,'0','2022-12-23 08:24:13','2022-12-23 08:24:13'),(1581,'xscd','45435435008888',NULL,NULL,NULL,NULL,NULL,NULL,NULL,NULL,'0','2022-12-23 09:15:53','2022-12-23 09:15:53'),(1582,'vb','9999945455454545',NULL,NULL,NULL,NULL,NULL,NULL,NULL,NULL,'0','2022-12-23 09:27:45','2022-12-23 09:27:45'),(1583,'sdcer','48593485349500',NULL,NULL,NULL,NULL,NULL,NULL,NULL,NULL,'0','2022-12-23 09:33:19','2022-12-23 09:33:19'),(1584,'xdcfrbgt','5498593495348958',NULL,NULL,NULL,NULL,NULL,NULL,NULL,NULL,'0','2022-12-23 09:41:39','2022-12-23 09:41:39'),(1585,'vbgfrt','870988888888543',NULL,NULL,NULL,NULL,NULL,NULL,NULL,NULL,'0','2022-12-23 09:42:32','2022-12-23 09:42:32'),(1586,'bvgf','06945689456811111',NULL,NULL,NULL,NULL,NULL,NULL,NULL,NULL,'0','2022-12-23 09:47:29','2022-12-23 09:47:29'),(1587,'xcsder','57567567567567567',NULL,NULL,NULL,NULL,NULL,NULL,NULL,NULL,'0','2022-12-23 10:06:13','2022-12-23 10:06:13'),(1588,'xcsdvf','8586954896459900',NULL,NULL,NULL,NULL,NULL,NULL,NULL,NULL,'0','2022-12-23 10:08:19','2022-12-23 10:08:19'),(1589,'fdsfsd','7567567567999',NULL,NULL,NULL,NULL,NULL,NULL,NULL,NULL,'0','2022-12-23 10:09:15','2022-12-23 10:09:15'),(1590,'saxasas','9548000000000',NULL,NULL,NULL,NULL,NULL,NULL,NULL,NULL,'0','2022-12-23 11:21:16','2022-12-23 11:21:16'),(1591,'b','997976877567111111',NULL,NULL,NULL,NULL,NULL,NULL,NULL,NULL,'0','2022-12-23 11:22:25','2022-12-23 11:22:25'),(1592,'vvvvv','989889000',NULL,NULL,NULL,NULL,NULL,NULL,NULL,NULL,'0','2022-12-23 15:47:37','2022-12-23 15:47:37'),(1593,'xcv','767567567888',NULL,NULL,NULL,NULL,NULL,NULL,NULL,NULL,'0','2022-12-25 10:47:22','2022-12-25 10:47:22'),(1594,'xxxx','89879678',NULL,NULL,NULL,NULL,NULL,NULL,NULL,NULL,'0','2022-12-25 11:01:50','2022-12-25 11:01:50'),(1595,'dddd','897968578956',NULL,NULL,NULL,NULL,NULL,NULL,NULL,NULL,'0','2022-12-25 11:07:05','2022-12-25 11:07:05'),(1596,'xxxss','878768687676',NULL,NULL,NULL,NULL,NULL,NULL,NULL,NULL,'0','2022-12-25 11:14:53','2022-12-25 11:14:53'),(1597,'call','787687687000000',NULL,NULL,NULL,NULL,NULL,NULL,NULL,NULL,'0','2022-12-25 11:18:14','2022-12-25 11:18:14'),(1598,'ramy','9897897878978',NULL,NULL,NULL,NULL,NULL,NULL,NULL,NULL,'0','2022-12-25 11:19:41','2022-12-25 11:19:41'),(1599,'call','65476656',NULL,NULL,NULL,NULL,NULL,NULL,NULL,NULL,'0','2022-12-25 11:21:53','2022-12-25 11:21:53'),(1600,'zxcvb','76687978989434',NULL,NULL,NULL,NULL,NULL,NULL,NULL,NULL,'0','2022-12-25 11:24:04','2022-12-25 11:24:04'),(1601,'cccc','7675676',NULL,NULL,NULL,NULL,NULL,NULL,NULL,NULL,'0','2022-12-25 11:29:27','2022-12-25 11:29:27'),(1602,'xxx','65456456',NULL,NULL,NULL,NULL,NULL,NULL,NULL,NULL,'0','2022-12-25 12:16:36','2022-12-25 12:16:36'),(1603,'ccvv','6564564569999',NULL,NULL,NULL,NULL,NULL,NULL,NULL,NULL,'0','2022-12-25 12:29:39','2022-12-25 12:29:39'),(1604,'xxcc','656546456',NULL,NULL,NULL,NULL,NULL,NULL,NULL,NULL,'0','2022-12-25 12:30:12','2022-12-25 12:30:12'),(1605,'cccc','47583475834',NULL,NULL,NULL,NULL,NULL,NULL,NULL,NULL,'0','2022-12-25 12:42:06','2022-12-25 12:42:06'),(1606,'cccccc','767567567',NULL,NULL,NULL,NULL,NULL,NULL,NULL,NULL,'0','2022-12-25 12:47:03','2022-12-25 12:47:03'),(1607,'ءسؤي','76756798978978',NULL,NULL,NULL,NULL,NULL,NULL,NULL,NULL,'0','2022-12-25 13:06:57','2022-12-25 13:06:57'),(1608,'xzxdwd','6654645645',NULL,NULL,NULL,NULL,NULL,NULL,NULL,NULL,'0','2022-12-25 13:11:04','2022-12-25 13:11:04'),(1609,'dsds','65645',NULL,NULL,NULL,NULL,NULL,NULL,NULL,NULL,'0','2022-12-25 13:18:05','2022-12-25 13:18:05'),(1610,'cxcx','54543',NULL,NULL,NULL,NULL,NULL,NULL,NULL,NULL,'0','2022-12-25 13:22:11','2022-12-25 13:22:11'),(1611,'23323','784758347',NULL,NULL,NULL,NULL,NULL,NULL,NULL,NULL,'0','2022-12-25 13:24:35','2022-12-25 13:24:35'),(1612,'ccdsfewf','6564565656',NULL,NULL,NULL,NULL,NULL,NULL,NULL,NULL,'0','2022-12-25 13:39:13','2022-12-25 13:39:13'),(1613,'323232','65764765756767',NULL,NULL,NULL,NULL,NULL,NULL,NULL,NULL,'0','2022-12-25 13:52:49','2022-12-25 13:52:49'),(1614,'fddf','8768678768',NULL,NULL,NULL,NULL,NULL,NULL,NULL,NULL,'0','2022-12-25 13:54:52','2022-12-25 13:54:52'),(1615,'vcvxcvdf','6756756765756',NULL,NULL,NULL,NULL,NULL,NULL,NULL,NULL,'0','2022-12-25 14:01:06','2022-12-25 14:01:06'),(1616,'cvvcxvxc','767657567657',NULL,NULL,NULL,NULL,NULL,NULL,NULL,NULL,'0','2022-12-25 14:04:31','2022-12-25 14:04:31'),(1617,'ccvcxv','7876868',NULL,NULL,NULL,NULL,NULL,NULL,NULL,NULL,'0','2022-12-25 14:04:56','2022-12-25 14:04:56'),(1618,'vcxvvvxc','765756756756',NULL,NULL,NULL,NULL,NULL,NULL,NULL,NULL,'0','2022-12-25 14:07:08','2022-12-25 14:07:08'),(1619,'vncmvnc','767565756756',NULL,NULL,NULL,NULL,NULL,NULL,NULL,NULL,'0','2022-12-25 14:14:54','2022-12-25 14:14:54'),(1620,'cxcx','8536845',NULL,NULL,NULL,NULL,NULL,NULL,NULL,NULL,'0','2022-12-26 07:29:57','2022-12-26 07:29:57'),(1621,'656456','473854375',NULL,NULL,NULL,NULL,NULL,NULL,NULL,NULL,'0','2022-12-26 07:35:06','2022-12-26 07:35:06'),(1622,'dddasdga','56456456',NULL,NULL,NULL,NULL,NULL,NULL,NULL,NULL,'0','2022-12-26 07:46:44','2022-12-26 07:46:44'),(1623,'vvvvv','8696458684596',NULL,NULL,NULL,NULL,NULL,NULL,NULL,NULL,'0','2022-12-26 08:00:11','2022-12-26 08:00:11'),(1624,'dhhfgef','768796587957',NULL,NULL,NULL,NULL,NULL,NULL,NULL,NULL,'0','2022-12-26 09:14:39','2022-12-26 09:14:39'),(1625,'cxc','776544565',NULL,NULL,NULL,NULL,NULL,NULL,NULL,NULL,'0','2022-12-26 11:19:42','2022-12-26 11:19:42'),(1626,'ءرئرء','854835349',NULL,NULL,NULL,NULL,NULL,NULL,NULL,NULL,'0','2022-12-26 11:29:26','2022-12-26 11:29:26'),(1627,'6546445','9659694964654',NULL,NULL,NULL,NULL,NULL,NULL,NULL,NULL,'0','2022-12-26 11:43:41','2022-12-26 11:43:41'),(1628,'545635634','56898645645',NULL,NULL,NULL,NULL,NULL,NULL,NULL,NULL,'0','2022-12-26 12:05:26','2022-12-26 12:05:26'),(1629,'dsdsds','6958469584',NULL,NULL,NULL,NULL,NULL,NULL,NULL,NULL,'0','2022-12-26 12:10:46','2022-12-26 12:10:46'),(1630,'zxzz','6845964586',NULL,NULL,NULL,NULL,NULL,NULL,NULL,NULL,'0','2022-12-26 12:28:18','2022-12-26 12:28:18'),(1631,'sddsd','5859348954395',NULL,NULL,NULL,NULL,NULL,NULL,NULL,NULL,'0','2022-12-26 12:29:59','2022-12-26 12:29:59'),(1632,'xcx','87867678768768',NULL,NULL,NULL,NULL,NULL,NULL,NULL,NULL,'0','2022-12-26 12:31:59','2022-12-26 12:31:59'),(1633,'sfdfef','4553454676756',NULL,NULL,NULL,NULL,NULL,NULL,NULL,NULL,'0','2022-12-26 12:55:26','2022-12-26 12:55:26'),(1634,'sjshfs','8956545689456',NULL,NULL,NULL,NULL,NULL,NULL,NULL,NULL,'0','2022-12-26 12:59:25','2022-12-26 12:59:25'),(1635,'dsfsdfsd','7676575',NULL,NULL,NULL,NULL,NULL,NULL,NULL,NULL,'0','2022-12-26 13:01:30','2022-12-26 13:01:30'),(1636,'54535','76756756',NULL,NULL,NULL,NULL,NULL,NULL,NULL,NULL,'0','2022-12-26 13:05:31','2022-12-26 13:05:31'),(1637,'call','7690765907056',NULL,NULL,NULL,NULL,NULL,NULL,NULL,NULL,'0','2022-12-26 13:11:39','2022-12-26 13:11:39'),(1638,'cxczx','46346346346',NULL,NULL,NULL,NULL,NULL,NULL,NULL,NULL,'0','2022-12-27 12:26:54','2022-12-27 12:26:54'),(1639,'xzx','56464564',NULL,NULL,NULL,NULL,NULL,NULL,NULL,NULL,'0','2022-12-27 12:28:06','2022-12-27 12:28:06'),(1640,'xczcz','6845564',NULL,NULL,NULL,NULL,NULL,NULL,NULL,NULL,'0','2022-12-27 12:37:23','2022-12-27 12:37:23'),(1641,'fsdfsdfs','5435345435345',NULL,NULL,NULL,NULL,NULL,NULL,NULL,NULL,'0','2022-12-27 12:39:38','2022-12-27 12:39:38'),(1642,'ccxzcefwe','78856765757',NULL,NULL,NULL,NULL,NULL,NULL,NULL,NULL,'0','2022-12-27 12:47:31','2022-12-27 12:47:31'),(1643,'4534534','656456',NULL,NULL,NULL,NULL,NULL,NULL,NULL,NULL,'0','2022-12-27 12:54:28','2022-12-27 12:54:28'),(1644,'fdsfsdf','664565',NULL,NULL,NULL,NULL,NULL,NULL,NULL,NULL,'0','2022-12-27 12:58:50','2022-12-27 12:58:50'),(1645,'بيسبس','656464',NULL,NULL,NULL,NULL,NULL,NULL,NULL,NULL,'0','2022-12-27 13:04:37','2022-12-27 13:04:37'),(1646,'myhotel','876876876',NULL,NULL,NULL,NULL,NULL,NULL,NULL,NULL,'0','2022-12-31 13:18:14','2022-12-31 13:18:14'),(1647,'fsdfsd','56546456456',NULL,NULL,NULL,NULL,NULL,NULL,NULL,NULL,'0','2023-01-01 07:31:24','2023-01-01 07:31:24'),(1648,'dff','65645645',NULL,NULL,NULL,NULL,NULL,NULL,NULL,NULL,'0','2023-01-01 07:35:05','2023-01-01 07:35:05'),(1649,'xxz','45345345',NULL,NULL,NULL,NULL,NULL,NULL,NULL,NULL,'0','2023-01-01 09:59:36','2023-01-01 09:59:36'),(1650,'يبيببيس','765700',NULL,NULL,NULL,NULL,NULL,NULL,NULL,NULL,'0','2023-01-01 10:44:31','2023-01-01 10:44:31'),(1651,'ffdfd','76573333',NULL,NULL,NULL,NULL,NULL,NULL,NULL,NULL,'0','2023-01-01 10:48:05','2023-01-01 10:48:05'),(1652,'434234','6589684596845986',NULL,NULL,NULL,NULL,NULL,NULL,NULL,NULL,'0','2023-01-01 13:18:56','2023-01-01 13:18:56'),(1653,'zcxcc','5896845689',NULL,NULL,NULL,NULL,NULL,NULL,NULL,NULL,'0','2023-01-01 13:21:30','2023-01-01 13:21:30'),(1654,'vcvxfef','7876876876',NULL,NULL,NULL,NULL,NULL,NULL,NULL,NULL,'0','2023-01-01 13:37:03','2023-01-01 13:37:03'),(1655,'cxc','4353453455',NULL,NULL,NULL,NULL,NULL,NULL,NULL,NULL,'0','2023-01-01 13:43:18','2023-01-01 13:43:18'),(1656,'423423423','5645756876',NULL,NULL,NULL,NULL,NULL,NULL,NULL,NULL,'0','2023-01-01 13:48:57','2023-01-01 13:48:57'),(1657,'xccxczxczx','9453458345',NULL,NULL,NULL,NULL,NULL,NULL,NULL,NULL,'0','2023-01-01 13:51:30','2023-01-01 13:51:30'),(1658,'ddd','069549896',NULL,NULL,NULL,NULL,NULL,NULL,NULL,NULL,'0','2023-01-02 07:36:41','2023-01-02 07:36:41'),(1659,'cxcxcx','654645645',NULL,NULL,NULL,NULL,NULL,NULL,NULL,NULL,'0','2023-01-02 12:15:10','2023-01-02 12:15:10'),(1660,'fndmnfdm','8439593485934',NULL,NULL,NULL,NULL,NULL,NULL,NULL,NULL,'0','2023-01-03 06:48:57','2023-01-03 06:48:57'),(1661,'zcxzc','959069546',NULL,NULL,NULL,NULL,NULL,NULL,NULL,NULL,'0','2023-01-03 07:09:39','2023-01-03 07:09:39'),(1662,'cxczxc','5435345345',NULL,NULL,NULL,NULL,NULL,NULL,NULL,NULL,'0','2023-01-03 08:30:12','2023-01-03 08:30:12'),(1663,'dsadas','54535345',NULL,NULL,NULL,NULL,NULL,NULL,NULL,NULL,'0','2023-01-03 08:33:38','2023-01-03 08:33:38'),(1664,'xzxcs','645645654654',NULL,NULL,NULL,NULL,NULL,NULL,NULL,NULL,'0','2023-01-03 08:48:16','2023-01-03 08:48:16'),(1665,'xx','6546456',NULL,NULL,NULL,NULL,NULL,NULL,NULL,NULL,'0','2023-01-03 09:03:38','2023-01-03 09:03:38'),(1666,'x','34535345',NULL,NULL,NULL,NULL,NULL,NULL,NULL,NULL,'0','2023-01-03 09:21:36','2023-01-03 09:21:36'),(1667,'dsd','43423423',NULL,NULL,NULL,NULL,NULL,NULL,NULL,NULL,'0','2023-01-03 09:29:37','2023-01-03 09:29:37'),(1668,'xccx','5435345',NULL,NULL,NULL,NULL,NULL,NULL,NULL,NULL,'0','2023-01-03 09:37:25','2023-01-03 09:37:25'),(1669,'xzcds','534545878',NULL,NULL,NULL,NULL,NULL,NULL,NULL,NULL,'0','2023-01-03 09:43:06','2023-01-03 09:43:06'),(1670,'dfsdfs','435345345',NULL,NULL,NULL,NULL,NULL,NULL,NULL,NULL,'0','2023-01-03 09:47:41','2023-01-03 09:47:41'),(1671,'sdsdsad','59348348593489',NULL,NULL,NULL,NULL,NULL,NULL,NULL,NULL,'0','2023-01-03 10:45:18','2023-01-03 10:45:18'),(1672,'cxcxdfd','455345533',NULL,NULL,NULL,NULL,NULL,NULL,NULL,NULL,'0','2023-01-03 10:56:05','2023-01-03 10:56:05'),(1673,'cxcxc','34235345346',NULL,NULL,NULL,NULL,NULL,NULL,NULL,NULL,'0','2023-01-03 11:01:25','2023-01-03 11:01:25'),(1674,'cxcx','65476688',NULL,NULL,NULL,NULL,NULL,NULL,NULL,NULL,'0','2023-01-03 11:04:15','2023-01-03 11:04:15'),(1675,'fdfsdf','4235234525',NULL,NULL,NULL,NULL,NULL,NULL,NULL,NULL,'0','2023-01-03 11:09:15','2023-01-03 11:09:15'),(1676,'cxcxc','5345346',NULL,NULL,NULL,NULL,NULL,NULL,NULL,NULL,'0','2023-01-03 11:12:16','2023-01-03 11:12:16'),(1677,'xccxd','5346375745746',NULL,NULL,NULL,NULL,NULL,NULL,NULL,NULL,'0','2023-01-03 11:35:20','2023-01-03 11:35:20'),(1678,'ؤءؤء','4535345345',NULL,NULL,NULL,NULL,NULL,NULL,NULL,NULL,'0','2023-01-03 11:39:41','2023-01-03 11:39:41'),(1679,'xcx','4543534',NULL,NULL,NULL,NULL,NULL,NULL,NULL,NULL,'0','2023-01-03 11:45:11','2023-01-03 11:45:11'),(1680,'cxc','5534534534534534',NULL,NULL,NULL,NULL,NULL,NULL,NULL,NULL,'0','2023-01-03 11:48:57','2023-01-03 11:48:57'),(1681,'xzxzds','65477474',NULL,NULL,NULL,NULL,NULL,NULL,NULL,NULL,'0','2023-01-03 11:57:34','2023-01-03 11:57:34'),(1682,'xccxsdds','45345878444',NULL,NULL,NULL,NULL,NULL,NULL,NULL,NULL,'0','2023-01-03 12:02:00','2023-01-03 12:02:00'),(1683,'zcxc','54353465775',NULL,NULL,NULL,NULL,NULL,NULL,NULL,NULL,'0','2023-01-03 12:06:04','2023-01-03 12:06:04'),(1684,'ؤءؤءؤ','4534534534',NULL,NULL,NULL,NULL,NULL,NULL,NULL,NULL,'0','2023-01-03 12:21:43','2023-01-03 12:21:43'),(1685,'cxcxc','876745645645',NULL,NULL,NULL,NULL,NULL,NULL,NULL,NULL,'0','2023-01-03 12:36:41','2023-01-03 12:36:41'),(1686,'xzxzdss','76765765756',NULL,NULL,NULL,NULL,NULL,NULL,NULL,NULL,'0','2023-01-03 12:43:04','2023-01-03 12:43:04'),(1687,'zxczc','434234234234234',NULL,NULL,NULL,NULL,NULL,NULL,NULL,NULL,'0','2023-01-03 12:47:58','2023-01-03 12:47:58'),(1688,'xczxczx','324324234234',NULL,NULL,NULL,NULL,NULL,NULL,NULL,NULL,'0','2023-01-03 13:14:30','2023-01-03 13:14:30'),(1689,'cxcx','6546456456',NULL,NULL,NULL,NULL,NULL,NULL,NULL,NULL,'0','2023-01-04 14:05:05','2023-01-04 14:05:05'),(1690,'xccxcxc','5438589395',NULL,'male',NULL,NULL,NULL,NULL,NULL,NULL,'0','2023-01-04 14:11:51','2023-01-04 14:11:51');
/*!40000 ALTER TABLE `clients` ENABLE KEYS */;
UNLOCK TABLES;
COMMIT;

-- Dumped table `clients` with 681 row(s)
--

--
-- Table structure for table `contact_us`
--

/*!40101 SET @saved_cs_client     = @@character_set_client */;
/*!40101 SET character_set_client = utf8 */;
CREATE TABLE `contact_us` (
  `id` bigint(20) unsigned NOT NULL AUTO_INCREMENT,
  `first_name` varchar(255) COLLATE utf8mb4_unicode_ci NOT NULL,
  `last_name` varchar(255) COLLATE utf8mb4_unicode_ci NOT NULL,
  `phone` varchar(255) COLLATE utf8mb4_unicode_ci NOT NULL,
  `email` varchar(255) COLLATE utf8mb4_unicode_ci NOT NULL,
  `status` enum('0','1') COLLATE utf8mb4_unicode_ci DEFAULT '0',
  `message` text COLLATE utf8mb4_unicode_ci NOT NULL,
  `created_at` timestamp NULL DEFAULT NULL,
  `updated_at` timestamp NULL DEFAULT NULL,
  PRIMARY KEY (`id`)
) ENGINE=InnoDB DEFAULT CHARSET=utf8mb4 COLLATE=utf8mb4_unicode_ci;
/*!40101 SET character_set_client = @saved_cs_client */;

--
-- Dumping data for table `contact_us`
--

LOCK TABLES `contact_us` WRITE;
/*!40000 ALTER TABLE `contact_us` DISABLE KEYS */;
SET autocommit=0;
/*!40000 ALTER TABLE `contact_us` ENABLE KEYS */;
UNLOCK TABLES;
COMMIT;

-- Dumped table `contact_us` with 0 row(s)
--

--
-- Table structure for table `discount_reasons`
--

/*!40101 SET @saved_cs_client     = @@character_set_client */;
/*!40101 SET character_set_client = utf8 */;
CREATE TABLE `discount_reasons` (
  `id` bigint(20) unsigned NOT NULL AUTO_INCREMENT,
  `desc` text COLLATE utf8mb4_unicode_ci NOT NULL,
  `start` date NOT NULL,
  `end` date NOT NULL,
  `uploaded` varchar(5) COLLATE utf8mb4_unicode_ci NOT NULL DEFAULT '0',
  `created_at` timestamp NULL DEFAULT NULL,
  `updated_at` timestamp NULL DEFAULT NULL,
  PRIMARY KEY (`id`)
) ENGINE=InnoDB AUTO_INCREMENT=20 DEFAULT CHARSET=utf8mb4 COLLATE=utf8mb4_unicode_ci;
/*!40101 SET character_set_client = @saved_cs_client */;

--
-- Dumping data for table `discount_reasons`
--

LOCK TABLES `discount_reasons` WRITE;
/*!40000 ALTER TABLE `discount_reasons` DISABLE KEYS */;
SET autocommit=0;
INSERT INTO `discount_reasons` VALUES (15,'DCard_25%','2022-12-01','2022-12-19','1','2022-11-01 12:55:19','2022-11-01 12:55:19'),(16,'DCard_50%','2022-12-22','2023-02-28','1','2022-11-01 12:55:35','2022-11-01 12:55:35'),(17,'Staff_Discount_50%','2022-12-01','2023-04-26','1','2022-11-01 12:56:17','2022-11-01 12:58:32'),(18,'Free_Ticket','2022-12-01','2023-05-31','1','2022-11-01 12:57:50','2022-11-01 12:57:50'),(19,'Offer_test','2022-12-01','2023-05-31','0','2022-12-20 08:58:59','2022-12-20 08:58:59');
/*!40000 ALTER TABLE `discount_reasons` ENABLE KEYS */;
UNLOCK TABLES;
COMMIT;

-- Dumped table `discount_reasons` with 5 row(s)
--

--
-- Table structure for table `events`
--

/*!40101 SET @saved_cs_client     = @@character_set_client */;
/*!40101 SET character_set_client = utf8 */;
CREATE TABLE `events` (
  `id` bigint(20) unsigned NOT NULL AUTO_INCREMENT,
  `title` varchar(500) COLLATE utf8mb4_unicode_ci DEFAULT NULL,
  `icon` varchar(500) COLLATE utf8mb4_unicode_ci DEFAULT NULL,
  `created_at` timestamp NULL DEFAULT NULL,
  `updated_at` timestamp NULL DEFAULT NULL,
  PRIMARY KEY (`id`)
) ENGINE=InnoDB AUTO_INCREMENT=5 DEFAULT CHARSET=utf8mb4 COLLATE=utf8mb4_unicode_ci;
/*!40101 SET character_set_client = @saved_cs_client */;

--
-- Dumping data for table `events`
--

LOCK TABLES `events` WRITE;
/*!40000 ALTER TABLE `events` DISABLE KEYS */;
SET autocommit=0;
INSERT INTO `events` VALUES (1,'Birthday','fas fa-birthday-cake',NULL,NULL),(2,'Corporate','fas fa-city',NULL,NULL),(3,'Event','fas fa-fire-alt',NULL,NULL),(4,'School','fad fa-bus-school',NULL,NULL);
/*!40000 ALTER TABLE `events` ENABLE KEYS */;
UNLOCK TABLES;
COMMIT;

-- Dumped table `events` with 4 row(s)
--

--
-- Table structure for table `failed_jobs`
--

/*!40101 SET @saved_cs_client     = @@character_set_client */;
/*!40101 SET character_set_client = utf8 */;
CREATE TABLE `failed_jobs` (
  `id` bigint(20) unsigned NOT NULL AUTO_INCREMENT,
  `connection` text COLLATE utf8mb4_unicode_ci NOT NULL,
  `queue` text COLLATE utf8mb4_unicode_ci NOT NULL,
  `payload` longtext COLLATE utf8mb4_unicode_ci NOT NULL,
  `exception` longtext COLLATE utf8mb4_unicode_ci NOT NULL,
  `failed_at` timestamp NOT NULL DEFAULT CURRENT_TIMESTAMP,
  PRIMARY KEY (`id`)
) ENGINE=InnoDB DEFAULT CHARSET=utf8mb4 COLLATE=utf8mb4_unicode_ci;
/*!40101 SET character_set_client = @saved_cs_client */;

--
-- Dumping data for table `failed_jobs`
--

LOCK TABLES `failed_jobs` WRITE;
/*!40000 ALTER TABLE `failed_jobs` DISABLE KEYS */;
SET autocommit=0;
/*!40000 ALTER TABLE `failed_jobs` ENABLE KEYS */;
UNLOCK TABLES;
COMMIT;

-- Dumped table `failed_jobs` with 0 row(s)
--

--
-- Table structure for table `general_settings`
--

/*!40101 SET @saved_cs_client     = @@character_set_client */;
/*!40101 SET character_set_client = utf8 */;
CREATE TABLE `general_settings` (
  `id` bigint(20) unsigned NOT NULL AUTO_INCREMENT,
  `capacity` bigint(20) DEFAULT '1250',
  `logo` varchar(500) COLLATE utf8mb4_unicode_ci DEFAULT NULL,
  `title` varchar(500) COLLATE utf8mb4_unicode_ci DEFAULT NULL,
  `rev_tax` double NOT NULL DEFAULT '0',
  `rev_ent` double NOT NULL DEFAULT '0',
  `family_tax` double NOT NULL DEFAULT '0',
  `family_ent` double NOT NULL DEFAULT '0',
  `terms` text COLLATE utf8mb4_unicode_ci NOT NULL,
  `privacy` text COLLATE utf8mb4_unicode_ci,
  `refund_privacy` text COLLATE utf8mb4_unicode_ci NOT NULL,
  `about` text COLLATE utf8mb4_unicode_ci NOT NULL,
  `address` text COLLATE utf8mb4_unicode_ci NOT NULL,
  `phone` varchar(255) COLLATE utf8mb4_unicode_ci DEFAULT NULL,
  `Team_phone` varchar(255) COLLATE utf8mb4_unicode_ci DEFAULT NULL,
  `group_organization_phone` varchar(255) COLLATE utf8mb4_unicode_ci DEFAULT NULL,
  `info_email` varchar(255) COLLATE utf8mb4_unicode_ci DEFAULT NULL,
  `sales_email` varchar(255) COLLATE utf8mb4_unicode_ci DEFAULT NULL,
  `twitter` varchar(255) COLLATE utf8mb4_unicode_ci DEFAULT NULL,
  `facebook` varchar(255) COLLATE utf8mb4_unicode_ci DEFAULT NULL,
  `instagram` varchar(255) COLLATE utf8mb4_unicode_ci DEFAULT NULL,
  `snap` varchar(255) COLLATE utf8mb4_unicode_ci DEFAULT NULL,
  `exit_time` time DEFAULT NULL,
  `created_at` timestamp NULL DEFAULT NULL,
  `updated_at` timestamp NULL DEFAULT NULL,
  PRIMARY KEY (`id`)
) ENGINE=InnoDB AUTO_INCREMENT=2 DEFAULT CHARSET=utf8mb4 COLLATE=utf8mb4_unicode_ci;
/*!40101 SET character_set_client = @saved_cs_client */;

--
-- Dumping data for table `general_settings`
--

LOCK TABLES `general_settings` WRITE;
/*!40000 ALTER TABLE `general_settings` DISABLE KEYS */;
SET autocommit=0;
INSERT INTO `general_settings` VALUES (1,1250,'assets/uploads/46121646213984.png','Kidsstation',1.14,1,1.14,1,'<p dir=\"RTL\" style=\"text-align:center\"><span style=\"font-size:11pt\"><span style=\"font-family:&quot;Calibri&quot;,sans-serif\"><strong><u><span style=\"font-family:&quot;Arial&quot;,sans-serif\">اتفاق علي اقرار و مخالصة و ابراءات</span></u></strong></span></span></p>\r\n\r\n<p dir=\"RTL\" style=\"text-align:right\"><span style=\"font-size:11pt\"><span style=\"font-family:&quot;Calibri&quot;,sans-serif\"><strong><span style=\"font-family:&quot;Arial&quot;,sans-serif\">3- </span></strong><strong><span style=\"font-family:&quot;Arial&quot;,sans-serif\">حقوق وواجبات الضيف</span></strong></span></span></p>\r\n\r\n<p dir=\"RTL\" style=\"text-align:right\"><span style=\"font-size:11pt\"><span style=\"font-family:&quot;Calibri&quot;,sans-serif\"><span style=\"font-family:&quot;Arial&quot;,sans-serif\">3-1- يحق للضيوف والمرافقين: </span></span></span></p>\r\n\r\n<p dir=\"RTL\" style=\"text-align:right\"><span style=\"font-size:11pt\"><span style=\"font-family:&quot;Calibri&quot;,sans-serif\"><span style=\"font-family:&quot;Arial&quot;,sans-serif\">3-1-1- استخدم دورات الحبل للصعوبة المختارة وفقًا للشروط الموضحة في العقد وأنظمة السلامة.</span></span></span></p>\r\n\r\n<p dir=\"RTL\" style=\"text-align:right\"><span style=\"font-size:11pt\"><span style=\"font-family:&quot;Calibri&quot;,sans-serif\"><span style=\"font-family:&quot;Arial&quot;,sans-serif\">3-1-2- الحصول على معدات السلامة ذات الجودة المناسبة ، المشار إليها في البند 4-1-2 من العقد ، واللازمة لاستخدام دورات الحبل. 3-1-3- تلقي معلومات حول استخدام دورات الحبل بأمان من مدربي الحديقة.</span></span></span></p>\r\n\r\n<p dir=\"RTL\" style=\"text-align:right\"><span style=\"font-size:11pt\"><span style=\"font-family:&quot;Calibri&quot;,sans-serif\"><span style=\"font-family:&quot;Arial&quot;,sans-serif\">3-2- يجب على الضيف والأشخاص المرافقين:</span></span></span></p>\r\n\r\n<p dir=\"RTL\" style=\"text-align:right\"><span style=\"font-size:11pt\"><span style=\"font-family:&quot;Calibri&quot;,sans-serif\"><span style=\"font-family:&quot;Arial&quot;,sans-serif\">3-2-1- التصرف واستخدام دورات الحبل بحكمة ، بحذر وأمان</span></span></span></p>\r\n\r\n<p dir=\"RTL\" style=\"text-align:right\"><span style=\"font-size:11pt\"><span style=\"font-family:&quot;Calibri&quot;,sans-serif\"><span style=\"font-family:&quot;Arial&quot;,sans-serif\">3-2-2- قبل البدء في استخدام دورات الحبل :</span></span></span></p>\r\n\r\n<p dir=\"RTL\" style=\"margin-right:48px; text-align:right\"><span style=\"font-size:11pt\"><span style=\"font-family:&quot;Calibri&quot;,sans-serif\"><span style=\"font-family:&quot;Arial&quot;,sans-serif\">أ) التعرف على لوائح السلامة</span></span></span></p>\r\n\r\n<p dir=\"RTL\" style=\"margin-right:48px; text-align:right\"><span style=\"font-size:11pt\"><span style=\"font-family:&quot;Calibri&quot;,sans-serif\"><span style=\"font-family:&quot;Arial&quot;,sans-serif\">ب) الاستماع إلى التعليمات الموجزة (&ldquo;الإحاطة&rdquo;)</span></span></span></p>\r\n\r\n<p dir=\"RTL\" style=\"margin-right:48px; text-align:right\"><span style=\"font-size:11pt\"><span style=\"font-family:&quot;Calibri&quot;,sans-serif\"><span style=\"font-family:&quot;Arial&quot;,sans-serif\">ج) التأكد من أن المرافقين على دراية بلوائح السلامة</span></span></span></p>\r\n\r\n<p dir=\"RTL\" style=\"text-align:right\"><span style=\"font-size:11pt\"><span style=\"font-family:&quot;Calibri&quot;,sans-serif\"><span style=\"font-family:&quot;Arial&quot;,sans-serif\">3-2-3- اتبع التعليمات الإلزامية من قبل مدرب الحديقة.</span></span></span></p>\r\n\r\n<p dir=\"RTL\" style=\"text-align:right\"><span style=\"font-size:11pt\"><span style=\"font-family:&quot;Calibri&quot;,sans-serif\"><span style=\"font-family:&quot;Arial&quot;,sans-serif\">3-2-4- إعادة جميع معدات السلامة وغيرها من المعدات في حالة مماثلة كما تم توفيرها للضيف والمرافقين من خلال إدخال السجل وتوقيع مدرب الحديقة في نهاية العقد.</span></span></span></p>\r\n\r\n<p dir=\"RTL\" style=\"text-align:right\">&nbsp;</p>\r\n\r\n<p dir=\"RTL\" style=\"text-align:right\"><span style=\"font-size:11pt\"><span style=\"font-family:&quot;Calibri&quot;,sans-serif\"><span style=\"font-family:&quot;Arial&quot;,sans-serif\">3-3- بتوقيع هذا العقد، يؤكد الضيف أن:</span></span></span></p>\r\n\r\n<p dir=\"RTL\" style=\"text-align:right\"><span style=\"font-size:11pt\"><span style=\"font-family:&quot;Calibri&quot;,sans-serif\"><span style=\"font-family:&quot;Arial&quot;,sans-serif\">3-3-1- الشركة ليست على علم بأي مشاكل صحية أو ظروف أخرى يعاني منها هو / هي أو الأشخاص المرافقون والتي من شأنها أن تمنعهم من استخدام دورات الحبل بأمان أو التي قد تسبب ضررًا لحياة الضيف وصحته و / أو ممتلكاته. و / أو الشركة و / أو الأطراف الثالثة من خلال تصرفات أو تقاعس الضيف و / أو الأشخاص المصحوبين.&nbsp;&nbsp; تم تزويده / هي والأشخاص المصحوبين بمعدات السلامة التي تبدو بصريًا في حالة فنية جيدة ويلتزمون باستخدامها بأمان ووفقًا للتعليمات المستلمة.</span></span></span></p>\r\n\r\n<p dir=\"RTL\" style=\"text-align:right\"><span style=\"font-size:11pt\"><span style=\"font-family:&quot;Calibri&quot;,sans-serif\"><span style=\"font-family:&quot;Arial&quot;,sans-serif\">3-3-2- يؤكد الضيف أن عدد مجموعات معدات السلامة التي حصل عليها يتوافق مع العدد الموضح في الجدول. </span></span></span></p>\r\n\r\n<p dir=\"RTL\" style=\"text-align:right\"><span style=\"font-size:11pt\"><span style=\"font-family:&quot;Calibri&quot;,sans-serif\"><span style=\"font-family:&quot;Arial&quot;,sans-serif\">3-3-3- يتفهم / يقر ويوافق على أن نشاط تسلق الكابلات والحبال والشبكات والمنصات وخطوط الانزلاق وغيرها من التركيبات من قبل الشركة (باستخدام دورات الحبل وغيرها من الأنشطة) هو نشاط بالغ الخطورة يقوم به هو / هي عن علم ، طواعية وبإرادة حرة ، وبالتالي تتحمل جميع المخاطر والمسؤولية عن أي كدمات وإصابات وأضرار أخرى تلحق بالصحة وفقدان الأرواح وكذلك الأضرار التي لحقت بممتلكات الضيف والأشخاص المرافقين و / أو الأطراف الثالثة ، باستثناء تلك الحالات عندما يحدث ذلك بسبب خطأ الشركة.</span></span></span></p>\r\n\r\n<p dir=\"RTL\" style=\"text-align:right\">&nbsp;</p>\r\n\r\n<p dir=\"RTL\" style=\"text-align:right\"><span style=\"font-size:11pt\"><span style=\"font-family:&quot;Calibri&quot;,sans-serif\"><strong><span style=\"font-family:&quot;Arial&quot;,sans-serif\">4- حقوق والتزامات الشركة</span></strong></span></span></p>\r\n\r\n<p dir=\"RTL\" style=\"text-align:right\"><span style=\"font-size:11pt\"><span style=\"font-family:&quot;Calibri&quot;,sans-serif\"><span style=\"font-family:&quot;Arial&quot;,sans-serif\">4-1- مطلوب من الشركة:</span></span></span></p>\r\n\r\n<p dir=\"RTL\" style=\"text-align:right\"><span style=\"font-size:11pt\"><span style=\"font-family:&quot;Calibri&quot;,sans-serif\"><span style=\"font-family:&quot;Arial&quot;,sans-serif\">4-1-1 تقديم موجز للضيف والأشخاص المرافقين قبل أن يبدأوا في استخدام دورات الحبل وكذلك توفير فرصة لاختبار استخدام المعدات في الممارسة العملية </span></span></span></p>\r\n\r\n<p dir=\"RTL\" style=\"text-align:right\"><span style=\"font-size:11pt\"><span style=\"font-family:&quot;Calibri&quot;,sans-serif\"><span style=\"font-family:&quot;Arial&quot;,sans-serif\">4-1-2- زود الضيف والأشخاص المرافقين بمعدات السلامة بالشكل المناسب: أحزمة قابلة للتعديل (&ldquo;النظام&rdquo;) بحبلين مرتبطين بكل منهما (أو حبل واحد وكاربين متصل بكابل الأمان في في جميع الأوقات) والحبل الثالث الذي يحتوي على كاربين بكرة خط مضغوط متصل به (مخصص للطيران على الكابل شخص واحد في كل مرة ، ومميز باللونين الأحمر والأزرق) (&ldquo;معدات السلامة&rdquo;) بعد أن يدفع الضيف الدفعة إلى الشركة والتعرف على لوائح السلامة.</span></span></span></p>\r\n\r\n<p dir=\"RTL\" style=\"text-align:right\"><span style=\"font-size:11pt\"><span style=\"font-family:&quot;Calibri&quot;,sans-serif\"><span style=\"font-family:&quot;Arial&quot;,sans-serif\">4-1-3- التأكد من أن مسار الحبال و العوائق والمعدات الموجودة فيه في شكل مناسب.</span></span></span></p>\r\n\r\n<p dir=\"RTL\" style=\"text-align:right\">&nbsp;</p>\r\n\r\n<p dir=\"RTL\" style=\"text-align:right\"><span style=\"font-size:11pt\"><span style=\"font-family:&quot;Calibri&quot;,sans-serif\"><span style=\"font-family:&quot;Arial&quot;,sans-serif\">4-2-</span> &nbsp;<span style=\"font-family:&quot;Arial&quot;,sans-serif\">يحق للشركة:</span></span></span></p>\r\n\r\n<p dir=\"RTL\" style=\"text-align:right\"><span style=\"font-size:11pt\"><span style=\"font-family:&quot;Calibri&quot;,sans-serif\"><span style=\"font-family:&quot;Arial&quot;,sans-serif\">4-2-1 منع الضيف و / أو الأشخاص المصحوبين من استخدام دورات الحبل إذا:</span></span></span></p>\r\n\r\n<p dir=\"RTL\" style=\"text-align:right\"><span style=\"font-size:11pt\"><span style=\"font-family:&quot;Calibri&quot;,sans-serif\"><span style=\"font-family:&quot;Arial&quot;,sans-serif\">4-2-1-1 لم يدفع الضيف الدفعة</span></span></span></p>\r\n\r\n<p dir=\"RTL\" style=\"text-align:right\"><span style=\"font-size:11pt\"><span style=\"font-family:&quot;Calibri&quot;,sans-serif\"><span style=\"font-family:&quot;Arial&quot;,sans-serif\">4-2-1-2 انتهك الضيف أو الأشخاص المصحوبين جزئيًا أو كليًا البند 3-2 و / أو 7 من العقد</span></span></span></p>\r\n\r\n<p dir=\"RTL\" style=\"text-align:right\"><span style=\"font-size:11pt\"><span style=\"font-family:&quot;Calibri&quot;,sans-serif\"><span style=\"font-family:&quot;Arial&quot;,sans-serif\">4-2-2- </span>&nbsp;<span style=\"font-family:&quot;Arial&quot;,sans-serif\">تزويد الضيف والأشخاص المرافقين بتعليمات إلزامية حول كيفية استخدام دورة الحبل وحول السلامة.</span></span></span></p>\r\n\r\n<p dir=\"RTL\" style=\"text-align:right\"><span style=\"font-size:11pt\"><span style=\"font-family:&quot;Calibri&quot;,sans-serif\"><span style=\"font-family:&quot;Arial&quot;,sans-serif\">4-2-3- الحقوق الأخرى المنصوص عليها في العقد</span></span></span></p>\r\n\r\n<p dir=\"RTL\" style=\"text-align:right\">&nbsp;</p>\r\n\r\n<p dir=\"RTL\" style=\"text-align:right\"><span style=\"font-size:11pt\"><span style=\"font-family:&quot;Calibri&quot;,sans-serif\"><strong><span style=\"font-family:&quot;Arial&quot;,sans-serif\">5- إنهاء العقد</span></strong></span></span></p>\r\n\r\n<p dir=\"RTL\" style=\"text-align:right\"><span style=\"font-size:11pt\"><span style=\"font-family:&quot;Calibri&quot;,sans-serif\"><span style=\"font-family:&quot;Arial&quot;,sans-serif\">5-1- يحق لموظف الشركة (مدرب أو مدير الحديقة) إنهاء العقد وإزالة الضيف والأشخاص المرافقين من دورة الحبل دون أي تحذير منفصل في حالة انتهاك الضيف للعقد بشكل أساسي.</span></span></span></p>\r\n\r\n<p dir=\"RTL\" style=\"text-align:right\"><span style=\"font-size:11pt\"><span style=\"font-family:&quot;Calibri&quot;,sans-serif\"><span style=\"font-family:&quot;Arial&quot;,sans-serif\">5-2- يعتبر انتهاك العقد أمرًا أساسيًا إذا كان الضيف و / أو الأشخاص المرافقون:</span></span></span></p>\r\n\r\n<p dir=\"RTL\" style=\"text-align:right\"><span style=\"font-size:11pt\"><span style=\"font-family:&quot;Calibri&quot;,sans-serif\"><span style=\"font-family:&quot;Arial&quot;,sans-serif\">5-2-1- لم تدفع الدفعة وفقًا للإجراءات الموضحة في هذا العقد</span></span></span></p>\r\n\r\n<p dir=\"RTL\" style=\"text-align:right\"><span style=\"font-size:11pt\"><span style=\"font-family:&quot;Calibri&quot;,sans-serif\"><span style=\"font-family:&quot;Arial&quot;,sans-serif\">5-2-2- انتهكت كليًا أو جزئيًا البند 3-2 و / أو الأحكام الواردة في البند 7 من العقد</span></span></span></p>\r\n\r\n<p dir=\"RTL\" style=\"text-align:right\"><span style=\"font-size:11pt\"><span style=\"font-family:&quot;Calibri&quot;,sans-serif\"><span style=\"font-family:&quot;Arial&quot;,sans-serif\">5-2-3- حالات أخرى عندما يشكل الضيف و / أو الأشخاص المرافقون تهديدًا لأنفسهم و / أو أطراف ثالثة و / أو ممتلكات الشركة أثناء استخدام دورة الحبل.</span></span></span></p>\r\n\r\n<p dir=\"RTL\" style=\"text-align:right\"><span style=\"font-size:11pt\"><span style=\"font-family:&quot;Calibri&quot;,sans-serif\"><span style=\"font-family:&quot;Arial&quot;,sans-serif\">5-3- في حالة إنهاء العقد للأسباب الموضحة في البند 5-1، لا يتم إرجاع الدفع إلى الضيف.</span></span></span></p>\r\n\r\n<p dir=\"RTL\" style=\"text-align:right\"><span style=\"font-size:11pt\"><span style=\"font-family:&quot;Calibri&quot;,sans-serif\"><span style=\"font-family:&quot;Arial&quot;,sans-serif\">5-4- &nbsp;يمكن للطرفين أيضًا إنهاء العقد في الحالات التي لا يمكن فيها استخدام مسار الحبل بأمان بسبب الظروف الجوية (على سبيل المثال ، الرياح القوية ، والأمطار القوية ، والعواصف ، والرعد ، والإضاءة ، وما إلى ذلك &ndash; الظروف الجوية السيئة) أو ظروف أخرى لا يوجد فيها أي من الطرفين مسؤول. في مثل هذه الحالة ، تكون الشركة ملزمة بالسماح للضيف باستخدام دورة الحبل في أوقات أخرى يتفق عليها الطرفان.</span></span></span></p>\r\n\r\n<p dir=\"RTL\" style=\"text-align:right\"><span style=\"font-size:11pt\"><span style=\"font-family:&quot;Calibri&quot;,sans-serif\"><span style=\"font-family:&quot;Arial&quot;,sans-serif\">5-5- يتم إرجاع المبلغ بالكامل إلى العميل فقط في الحالات التالية:</span></span></span></p>\r\n\r\n<p dir=\"RTL\" style=\"text-align:right\"><span style=\"font-size:11pt\"><span style=\"font-family:&quot;Calibri&quot;,sans-serif\"><span style=\"font-family:&quot;Arial&quot;,sans-serif\">أ) إنهاء العقد بسبب انتهاك الشركة للعقد أو ب) أنهى الضيف العقد قبل البدء في استخدام البنية التحتية للمنتزه.</span></span></span></p>\r\n\r\n<p dir=\"RTL\" style=\"text-align:right\"><span style=\"font-size:11pt\"><span style=\"font-family:&quot;Calibri&quot;,sans-serif\"><span style=\"font-family:&quot;Arial&quot;,sans-serif\">5-6- إذا أنهى الضيف العقد أثناء استخدام دورة الحبل الأخضر أو ​​بعده مباشرة / دورة الحبل الأول للأطفال لأسباب تتعلق بالحالة الصحية أو الجسدية أو النفسية للضيف و / أو الأشخاص المصحوبين بسبب عدم تمكنهم من الوصول بأمان باستخدام دورات الحبل ، يتم إرجاع الدفع المتناسب مع الوقت غير المستخدم إلى الضيف بعد خصم التكاليف المعقولة الأخرى التي تكبدتها الشركة قبل الإعلان عن إنهاء العقد.</span></span></span></p>\r\n\r\n<p dir=\"RTL\" style=\"text-align:right\">&nbsp;</p>\r\n\r\n<p dir=\"RTL\" style=\"text-align:right\"><span style=\"font-size:11pt\"><span style=\"font-family:&quot;Calibri&quot;,sans-serif\"><strong><span style=\"font-family:&quot;Arial&quot;,sans-serif\">6- المسؤولية</span></strong></span></span></p>\r\n\r\n<p dir=\"RTL\" style=\"text-align:right\"><span style=\"font-size:11pt\"><span style=\"font-family:&quot;Calibri&quot;,sans-serif\"><span style=\"font-family:&quot;Arial&quot;,sans-serif\">6-1- الضيف مسؤول عن الإجراءات و / أو التقاعس عن التصرف في مسار الحبل من قبله / هي والأشخاص المرافقين له / لها ، ويلتزم بتعويض جميع الأضرار (للشركة والأطراف الثالثة) التي حدثت بسبب هذه الإجراءات و / أو التقاعس عن التصرف.</span></span></span></p>\r\n\r\n<p dir=\"RTL\" style=\"text-align:right\"><span style=\"font-size:11pt\"><span style=\"font-family:&quot;Calibri&quot;,sans-serif\"><span style=\"font-family:&quot;Arial&quot;,sans-serif\">6-2- الضيف ملزم بتعويض الضرر الذي لحق بالشركة في الحالات التي يكون فيها مسار الحبل ، والمعدات الموجودة فيه وكذلك معدات السلامة التي توفرها الشركة تالفة أو مفقودة بسبب ظروف لا تكون الشركة مسؤولة عنها.</span></span></span></p>\r\n\r\n<p dir=\"RTL\" style=\"text-align:right\"><span style=\"font-size:11pt\"><span style=\"font-family:&quot;Calibri&quot;,sans-serif\"><span style=\"font-family:&quot;Arial&quot;,sans-serif\">6-3- من خلال توقيع العقد ، يتفهم الضيف ويتحمل جميع المسؤوليات المتعلقة باستخدام دورات الحبل. لا تتحمل الشركة أي مسؤولية عن الكدمات والإصابات وغيرها من المشكلات الصحية أو حالات فقدان الحياة وكذلك / أو تلف الملابس والأحذية وأي ممتلكات أخرى من قبل الضيوف والمرافقين أثناء استخدام دورات الحبال ، باستثناء تلك الحالات عندما يحدث ذلك بسبب خطأ الشركة.</span></span></span></p>\r\n\r\n<p dir=\"RTL\" style=\"text-align:right\"><span style=\"font-size:11pt\"><span style=\"font-family:&quot;Calibri&quot;,sans-serif\"><span style=\"font-family:&quot;Arial&quot;,sans-serif\">6-4-&nbsp; لا تتحمل الشركة أي مسؤولية عن الكدمات والإصابات وغيرها من المشكلات الصحية أو حالات فقدان الحياة بالإضافة إلى / أو تلف الملابس والأحذية وأي ممتلكات أخرى من قبل الضيف والأشخاص المرافقين عند حدوث ذلك أثناء استخدام دورة الحبل في الحالات التي لا يلتزم الضيف و / أو الأشخاص المصحوبون بلوائح السلامة وكذلك الإرشادات والتوصيات حول السلوك في دورة الحبل المقدمة أثناء الإحاطة.</span></span></span></p>\r\n\r\n<p dir=\"RTL\" style=\"text-align:right\">&nbsp;</p>\r\n\r\n<p dir=\"RTL\" style=\"text-align:right\"><span style=\"font-size:11pt\"><span style=\"font-family:&quot;Calibri&quot;,sans-serif\"><strong><span style=\"font-family:&quot;Arial&quot;,sans-serif\">7- قواعد السلامة</span></strong></span></span></p>\r\n\r\n<p dir=\"RTL\" style=\"text-align:right\"><span style=\"font-size:11pt\"><span style=\"font-family:&quot;Calibri&quot;,sans-serif\"><span style=\"font-family:&quot;Arial&quot;,sans-serif\">7-1- يتعين على كل ضيف ومرافق له التعرف على لوائح السلامة واتباعها (بالإضافة إلى اللوائح المعروضة علنًا في المتنزه والمرفقة بهذا العقد) قبل البدء في استخدام دورات الحبل والامتثال لها عند زيارة المتنزه. يجب على كل ضيف و / أو مرافقين:</span></span></span></p>\r\n\r\n<p dir=\"RTL\" style=\"text-align:right\"><span style=\"font-size:11pt\"><span style=\"font-family:&quot;Calibri&quot;,sans-serif\"><span style=\"font-family:&quot;Arial&quot;,sans-serif\">7-1-1- توقف (لا تقم بأفعال يشعرون بعدم اليقين بشأنها) </span></span></span></p>\r\n\r\n<p dir=\"RTL\" style=\"text-align:right\"><span style=\"font-size:11pt\"><span style=\"font-family:&quot;Calibri&quot;,sans-serif\"><span style=\"font-family:&quot;Arial&quot;,sans-serif\">7-1-2- اتصل / اسأل عن مدرب الحديقة </span></span></span></p>\r\n\r\n<p dir=\"RTL\" style=\"text-align:right\"><span style=\"font-size:11pt\"><span style=\"font-family:&quot;Calibri&quot;,sans-serif\"><span style=\"font-family:&quot;Arial&quot;,sans-serif\">7-1-3- انتظر مدرب الحديقة.</span></span></span></p>\r\n\r\n<p dir=\"RTL\" style=\"text-align:right\"><span style=\"font-size:11pt\"><span style=\"font-family:&quot;Calibri&quot;,sans-serif\"><span style=\"font-family:&quot;Arial&quot;,sans-serif\">7-1-4- طرح أسئلة على مدرب الحديقة حول كيفية التصرف بشكل مناسب في الموقف الذي يشعر الضيف بعدم اليقين فيه</span></span></span></p>\r\n\r\n<p dir=\"RTL\" style=\"text-align:right\"><span style=\"font-size:11pt\"><span style=\"font-family:&quot;Calibri&quot;,sans-serif\"><span style=\"font-family:&quot;Arial&quot;,sans-serif\">7-1-5- استمر في التسلق في دورة الحبل باتباع تعليمات مدرب الحديقة أو اطلب من مدرب الحديقة مساعدة الضيف و / أو الأشخاص المرافقين على النزول من مسار الحبل إلى الأرض.</span></span></span></p>\r\n\r\n<p dir=\"RTL\" style=\"text-align:right\">&nbsp;</p>\r\n\r\n<p dir=\"RTL\" style=\"text-align:right\"><span style=\"font-size:11pt\"><span style=\"font-family:&quot;Calibri&quot;,sans-serif\"><strong><span style=\"font-family:&quot;Arial&quot;,sans-serif\">8- أحكام أخرى</span></strong></span></span></p>\r\n\r\n<p dir=\"RTL\" style=\"text-align:right\"><span style=\"font-size:11pt\"><span style=\"font-family:&quot;Calibri&quot;,sans-serif\"><span style=\"font-family:&quot;Arial&quot;,sans-serif\">8-1- يؤكد الضيف أن البيانات التي قدمها صحيحة وعلى مسؤوليته.</span></span></span></p>\r\n\r\n<p dir=\"RTL\" style=\"text-align:right\"><span style=\"font-size:11pt\"><span style=\"font-family:&quot;Calibri&quot;,sans-serif\"><span style=\"font-family:&quot;Arial&quot;,sans-serif\">يوافق الضيف على أن البيانات المقدمة عنه / عنها وعن الأشخاص المصحوبين يتم استخدامها وإدارتها لأغراض تنفيذ هذا العقد وفقًا لسياسة الخصوصية المعروضة علنًا في موقع الشركة على الويب</span>&nbsp;&nbsp; &nbsp;<span dir=\"LTR\" style=\"font-family:&quot;Arial&quot;,sans-serif\">www.unoparks.lt</span></span></span></p>\r\n\r\n<p dir=\"RTL\" style=\"text-align:right\"><span style=\"font-size:11pt\"><span style=\"font-family:&quot;Calibri&quot;,sans-serif\"><span style=\"font-family:&quot;Arial&quot;,sans-serif\">8-2-الحديقة العقد ساري المفعول من لحظة التوقيع حتى التنفيذ الكامل للالتزامات من قبل الطرفين.</span></span></span></p>\r\n\r\n<p dir=\"RTL\" style=\"text-align:right\"><span style=\"font-size:11pt\"><span style=\"font-family:&quot;Calibri&quot;,sans-serif\"><span style=\"font-family:&quot;Arial&quot;,sans-serif\">8-3- يتفق الطرفان على حل جميع الخلافات عن طريق المفاوضات المتبادلة وفي حالة استحالة التوصل إلى اتفاق &ndash; عن طريق تسوية المنازعات خارج المحكمة التي تنظر فيها دائرة حماية حقوق المستهلك الحكومية و / أو في محكمة جمهورية ليتوانيا المختصة وفقًا للإجراءات التي أنشأتها القوانين القانونية لجمهورية ليتوانيا.</span></span></span></p>\r\n\r\n<p dir=\"RTL\" style=\"text-align:right\"><span style=\"font-size:11pt\"><span style=\"font-family:&quot;Calibri&quot;,sans-serif\"><span style=\"font-family:&quot;Arial&quot;,sans-serif\">8-4- يتم إبرام العقد في نسخة واحدة ، موقعة من قبل الطرفين وتبقى مع الشركة. جميع الملحقات جزء لا يتجزأ من العقد.</span></span></span></p>\r\n\r\n<p dir=\"RTL\" style=\"text-align:right\">&nbsp;</p>\r\n\r\n<p dir=\"RTL\" style=\"text-align:right\">&nbsp;</p>\r\n\r\n<p dir=\"RTL\" style=\"text-align:right\">&nbsp;</p>\r\n\r\n<p dir=\"RTL\" style=\"text-align:right\">&nbsp;</p>\r\n\r\n<p dir=\"RTL\" style=\"text-align:right\">&nbsp;</p>\r\n\r\n<p dir=\"RTL\" style=\"text-align:right\"><span style=\"font-size:11pt\"><span style=\"font-family:&quot;Calibri&quot;,sans-serif\"><span style=\"font-family:&quot;Arial&quot;,sans-serif\">بتوقيع العقد، يؤكد الضيف أن:</span></span></span></p>\r\n\r\n<p dir=\"RTL\" style=\"text-align:right\"><span style=\"font-size:11pt\"><span style=\"font-family:&quot;Calibri&quot;,sans-serif\"><span style=\"font-family:&quot;Arial&quot;,sans-serif\">1- يوافق على أن يتم تصويره و / أو تصويره أثناء استخدام دورات الحبال وكونه منطقة المنتزه ، وأنه يمكن استخدام صوره / صورها و / أو المواد التي تم تصويرها دون موافقة منفصلة (ما لم ينص العقد على خلاف ذلك) في النشاط التجاري لـ الشركة ، بما في ذلك على سبيل المثال لا الحصر التسويق والاتصالات.</span></span></span></p>\r\n\r\n<p dir=\"RTL\" style=\"text-align:right\"><span style=\"font-size:11pt\"><span style=\"font-family:&quot;Calibri&quot;,sans-serif\"><span style=\"font-family:&quot;Arial&quot;,sans-serif\">يمكن للضيف الإشارة إلى عدم موافقته عن طريق تحديد المكان في هذا البند من العقد:لا أوافق على استخدام الشركة لصوري </span></span></span></p>\r\n\r\n<p dir=\"RTL\" style=\"text-align:right\"><span style=\"font-size:11pt\"><span style=\"font-family:&quot;Calibri&quot;,sans-serif\"><span style=\"font-family:&quot;Arial&quot;,sans-serif\">2- أن يكون على دراية بنود العقد ، بما في ذلك لوائح السلامة ، ويجدها واضحة ومفهومة ؛ قام بشرح وتقديم الأشخاص المصحوبين بأحكام العقد ، بما في ذلك لوائح السلامة ؛ أنه / هي ملزم بالامتثال لبنود العقد ، بما في ذلك لوائح السلامة ، والتأكد من امتثال الأشخاص المصحوبين لها أيضًا .حصل هو / هي والأشخاص المرافقون (كل واحد منهم) على معدات أمان في شكل تقني مناسب: حزام تسلق قابل للتعديل بحبلين مرتبطين بهما كاربين أمان (أو حبل واحد وكاربين متصل بكابل الأمان في في جميع الأوقات) ، بالإضافة إلى الحبل الثالث الذي يحتوي على كاربين بكرة خط مضغوط متصل به (مخصص للهبوط (الطيران / السحاب). قيمة كل مجموعة &ndash; 200 يورو (أو 300 يورو ، إذا كانت عبارة عن جهاز بحبل واحد وكاربين متصل بكابل الأمان في جميع الأوقات).</span></span></span></p>\r\n\r\n<p dir=\"RTL\" style=\"text-align:right\"><span style=\"font-size:11pt\"><span style=\"font-family:&quot;Calibri&quot;,sans-serif\"><span style=\"font-family:&quot;Arial&quot;,sans-serif\">3- أرغب في تلقي معلومات حول الأخبار والخدمات التي تقدمها الحديقة</span></span></span></p>\r\n\r\n<p dir=\"RTL\" style=\"text-align:right\"><span style=\"font-size:11pt\"><span style=\"font-family:&quot;Calibri&quot;,sans-serif\"><span style=\"font-family:&quot;Arial&quot;,sans-serif\">بريد إلكتروني:</span></span></span></p>\r\n\r\n<p dir=\"RTL\" style=\"text-align:right\">&nbsp;</p>\r\n\r\n<p dir=\"RTL\" style=\"text-align:right\"><span style=\"font-size:11pt\"><span style=\"font-family:&quot;Calibri&quot;,sans-serif\"><span style=\"font-family:&quot;Arial&quot;,sans-serif\">من خلال توقيع العقد ، يفهم الضيف ويقبل ويوافق على أن تسلق الكابلات والحبال والشبكات والمنصات وخطوط الانزلاق وغيرها من التركيبات من قبل الشركة (باستخدام دورات الحبال وغيرها من الأنشطة) هو نشاط بالغ الخطورة يقوم به هو / هي عن علم ، طواعية وبإرادة حرة ، وبالتالي تتحمل جميع المخاطر والمسؤولية عن أي كدمات وإصابات وأضرار أخرى تلحق بالصحة وفقدان الأرواح وكذلك الأضرار التي لحقت بممتلكات الضيف والأشخاص المرافقين و / أو الأطراف الثالثة ، باستثناء تلك الحالات عندما يحدث ذلك بسبب خطأ الشركة.</span></span></span></p>\r\n\r\n<p dir=\"RTL\" style=\"text-align:right\">&nbsp;</p>\r\n\r\n<p dir=\"RTL\" style=\"text-align:right\"><span style=\"font-size:11pt\"><span style=\"font-family:&quot;Calibri&quot;,sans-serif\"><span style=\"font-family:&quot;Arial&quot;,sans-serif\">قرأ الطرفان وفهما العقد ؛ وافقوا على أنه يتوافق مع نواياهم الحقيقية ووقعوا عليه. يؤكد الضيف أيضًا أن بنود العقد قد تم شرحها له / لها وأنها واضحة ومفهومة وأن له / لها الحق والتفويض لتوقيع العقد.</span></span></span></p>\r\n\r\n<p dir=\"RTL\" style=\"text-align:right\">&nbsp;</p>\r\n\r\n<p dir=\"RTL\" style=\"text-align:right\"><span style=\"font-size:11pt\"><span style=\"font-family:&quot;Calibri&quot;,sans-serif\"><span style=\"font-family:&quot;Arial&quot;,sans-serif\">يتم حل نزاعات المستهلك بأمر غير قضائي من قبل قانون حماية حقوق المستهلك وفقا للقانون المصري تسجيل الدخول بشأن إعادة معدات السلامة ونهاية التسلق تم إرجاع معدات السلامة في حالة مناسبة في ____________.</span></span></span></p>','<p>All credit/debit cards&rsquo; details and personally identifiable information will NOT be stored, sold, shared, rented or leased to any third parties.</p>\r\n\r\n<p>If you make a payment for our products or services on our website, the details you are asked to submit will be provided directly to our payment provider via a secured connection</p>\r\n\r\n<p>Merchant will not pass any debit/credit card details to third parties.</p>\r\n\r\n<p>Merchant takes appropriate steps to ensure data privacy and security including through various hardware and software methodologies. However, (skypark.fun) cannot guarantee the security of any information that is disclosed online.</p>\r\n\r\n<p>The merchant is not responsible for the privacy policies of websites to which it links. If you provide any information to such third parties different rules regarding the collection and use of your personal information may apply. You should contact these entities directly if you have any questions about their use of the information that they collect.</p>\r\n\r\n<p>Some of the advertisements you see on the Site are selected and delivered by third parties, such as ad networks, advertising agencies, advertisers, and audience segment providers. These third parties may collect information about you and your online activities, either on the Site or on other websites, through cookies, web beacons, and other technologies in an effort to understand your interests and deliver to you advertisements that are tailored to your interests. Please remember that we do not have access to, or control over, the information these third parties may collect. The information practices of these third parties are not covered by this privacy policy. Kindly remove any other statements that contradicts with the above statements.</p>\r\n\r\n<p>&nbsp;</p>','<p>Refunds will be made onto the original mode of payment and will be processed within 10 to 45 days depends on the issuing bank of the credit card.</p>','<p>At Sky Park, your courage will be put to test. Nothing can satisfy your lust for adventure as a set of professional obstacle courses elevated on three levels. and the higher up you go, the more challenging it will get. So, take a deep breath and set your sails towards Sky Park to prove yourself the ultimate champ. Obstacle courses are established on four levels, Junior, Novice, Intermediate, and Expert. Each path goes another level higher than the one before and features some more challenging obstacles. No, we didn&rsquo;t forget about our little ones. Children up to 5 years old have their own special route with obstacles tailored to match their age. Once you succeed to complete your mission and reach the finish line, your lips won&rsquo;t refrain from keeping a smile on hold for the next couple of days.</p>','Westown hub،, Beverly Hills,Al-Sheikh Zayed, Giza Governorate','+201050809110','(+20) 105-080-9110','(+20) 1061844465','info@skypark.fun','sales@skypark.fun','https://www.twitter.com','https://www.facebook.com','https://www.instagram.com','https://www.snap.com','23:55:06',NULL,'2022-09-21 16:21:26');
/*!40000 ALTER TABLE `general_settings` ENABLE KEYS */;
UNLOCK TABLES;
COMMIT;

-- Dumped table `general_settings` with 1 row(s)
--

--
-- Table structure for table `governorates`
--

/*!40101 SET @saved_cs_client     = @@character_set_client */;
/*!40101 SET character_set_client = utf8 */;
CREATE TABLE `governorates` (
  `id` bigint(20) unsigned NOT NULL AUTO_INCREMENT,
  `title` varchar(255) COLLATE utf8mb4_unicode_ci DEFAULT NULL,
  `created_at` timestamp NULL DEFAULT NULL,
  `updated_at` timestamp NULL DEFAULT NULL,
  PRIMARY KEY (`id`)
) ENGINE=InnoDB AUTO_INCREMENT=28 DEFAULT CHARSET=utf8mb4 COLLATE=utf8mb4_unicode_ci;
/*!40101 SET character_set_client = @saved_cs_client */;

--
-- Dumping data for table `governorates`
--

LOCK TABLES `governorates` WRITE;
/*!40000 ALTER TABLE `governorates` DISABLE KEYS */;
SET autocommit=0;
INSERT INTO `governorates` VALUES (1,'Cairo',NULL,NULL),(2,'Giza',NULL,NULL),(3,'Alexandria',NULL,NULL),(4,'Dakahlia',NULL,NULL),(5,'Red Sea',NULL,NULL),(6,'Beheira',NULL,NULL),(7,'Fayoum',NULL,NULL),(8,'Gharbiya',NULL,NULL),(9,'Ismailia',NULL,NULL),(10,'Menofia',NULL,NULL),(11,'Minya',NULL,NULL),(12,'Qaliubiya',NULL,NULL),(13,'New Valley',NULL,NULL),(14,'Suez',NULL,NULL),(15,'Aswan',NULL,NULL),(16,'Assiut',NULL,NULL),(17,'Beni Suef',NULL,NULL),(18,'Port Said',NULL,NULL),(19,'Damietta',NULL,NULL),(20,'Sharkia',NULL,NULL),(21,'South Sinai',NULL,NULL),(22,'Kafr Al sheikh',NULL,NULL),(23,'Matrouh',NULL,NULL),(24,'Luxor',NULL,NULL),(25,'Qena',NULL,NULL),(26,'North Sinai',NULL,NULL),(27,'Sohag',NULL,NULL);
/*!40000 ALTER TABLE `governorates` ENABLE KEYS */;
UNLOCK TABLES;
COMMIT;

-- Dumped table `governorates` with 27 row(s)
--

--
-- Table structure for table `groups`
--

/*!40101 SET @saved_cs_client     = @@character_set_client */;
/*!40101 SET character_set_client = utf8 */;
CREATE TABLE `groups` (
  `id` bigint(20) NOT NULL AUTO_INCREMENT,
  `title` varchar(255) DEFAULT NULL,
  `text` text,
  `image` varchar(255) DEFAULT NULL,
  `created_at` text NOT NULL,
  `updated_at` timestamp NOT NULL DEFAULT CURRENT_TIMESTAMP ON UPDATE CURRENT_TIMESTAMP,
  PRIMARY KEY (`id`)
) ENGINE=InnoDB AUTO_INCREMENT=3 DEFAULT CHARSET=utf8mb4;
/*!40101 SET character_set_client = @saved_cs_client */;

--
-- Dumping data for table `groups`
--

LOCK TABLES `groups` WRITE;
/*!40000 ALTER TABLE `groups` DISABLE KEYS */;
SET autocommit=0;
INSERT INTO `groups` VALUES (1,'GROUPS','If you want to spice up your adventure, then gather up your group of friends or fellow adventurers and set your sails towards Sky Park.','assets/uploads/admins/7941651144437.svg','2022-04-28 11:13:57','2022-04-28 11:15:53'),(2,'TEAM BUILDING','Do you think that your team’s bonds need some enhancement like our ropes are attached to the wooden platforms? Reach our team and let them organize an unforgettable team-building day for your employees.','assets/uploads/groups/82291651146527.svg','2022-04-28 11:48:47','2022-04-28 09:48:47');
/*!40000 ALTER TABLE `groups` ENABLE KEYS */;
UNLOCK TABLES;
COMMIT;

-- Dumped table `groups` with 2 row(s)
--

--
-- Table structure for table `migrations`
--

/*!40101 SET @saved_cs_client     = @@character_set_client */;
/*!40101 SET character_set_client = utf8 */;
CREATE TABLE `migrations` (
  `id` int(10) unsigned NOT NULL AUTO_INCREMENT,
  `migration` varchar(255) COLLATE utf8mb4_unicode_ci NOT NULL,
  `batch` int(11) NOT NULL,
  PRIMARY KEY (`id`)
) ENGINE=InnoDB AUTO_INCREMENT=36 DEFAULT CHARSET=utf8mb4 COLLATE=utf8mb4_unicode_ci;
/*!40101 SET character_set_client = @saved_cs_client */;

--
-- Dumping data for table `migrations`
--

LOCK TABLES `migrations` WRITE;
/*!40000 ALTER TABLE `migrations` DISABLE KEYS */;
SET autocommit=0;
INSERT INTO `migrations` VALUES (1,'2014_10_12_000000_create_users_table',1),(2,'2014_10_12_100000_create_password_resets_table',1),(3,'2019_08_19_000000_create_failed_jobs_table',1),(4,'2022_02_08_002355_create_events_table',1),(5,'2022_02_08_002355_create_governorates_table',1),(6,'2022_02_08_002438_create_cities_table',1),(7,'2022_02_08_003500_create_references_table',1),(8,'2022_02_08_092008_create_clients_table',1),(9,'2022_02_08_092027_create_shifts_table',1),(10,'2022_02_08_092047_create_visitor_types_table',1),(11,'2022_02_08_092048_create_shift_details_table',1),(13,'2022_02_08_092146_create_capacity_days_table',1),(14,'2022_02_08_092501_create_categories_table',1),(15,'2022_02_08_092518_create_products_table',1),(16,'2022_02_08_092549_create_reservations_table',1),(17,'2022_02_08_092549_create_tickets_table',1),(18,'2022_02_08_092627_create_ticket_rev_models_table',1),(19,'2022_02_08_092703_create_ticket_rev_products_table',1),(20,'2022_02_08_092807_create_payments_table',1),(21,'2022_02_12_144804_create_reservations_birth_day_infos_table',2),(22,'2022_02_19_105744_create_bracelets_table',3),(23,'2022_02_21_124447_create_admins_table',4),(24,'2022_02_26_081727_create_sliders_table',5),(26,'2022_02_26_100016_create_about_us_table',6),(28,'2022_02_08_092110_create_general_settings_table',8),(29,'2022_02_28_110557_create_activities_table',9),(30,'2022_02_28_115540_create_offers_table',10),(31,'2022_02_28_115630_create_offer_items_table',11),(32,'2022_02_26_123254_create_contact_us_table',12),(33,'2022_04_02_125137_create_permission_tables',13),(34,'2022_04_24_101946_create_discount_reasons_table',14),(35,'2022_04_24_103645_create_discount_reasons_table',15);
/*!40000 ALTER TABLE `migrations` ENABLE KEYS */;
UNLOCK TABLES;
COMMIT;

-- Dumped table `migrations` with 32 row(s)
--

--
-- Table structure for table `model_has_permissions`
--

/*!40101 SET @saved_cs_client     = @@character_set_client */;
/*!40101 SET character_set_client = utf8 */;
CREATE TABLE `model_has_permissions` (
  `permission_id` bigint(20) unsigned NOT NULL,
  `model_type` varchar(255) COLLATE utf8mb4_unicode_ci NOT NULL,
  `model_id` bigint(20) unsigned NOT NULL,
  PRIMARY KEY (`permission_id`,`model_id`,`model_type`),
  KEY `model_has_permissions_model_id_model_type_index` (`model_id`,`model_type`),
  CONSTRAINT `model_has_permissions_permission_id_foreign` FOREIGN KEY (`permission_id`) REFERENCES `permissions` (`id`) ON DELETE CASCADE
) ENGINE=InnoDB DEFAULT CHARSET=utf8mb4 COLLATE=utf8mb4_unicode_ci;
/*!40101 SET character_set_client = @saved_cs_client */;

--
-- Dumping data for table `model_has_permissions`
--

LOCK TABLES `model_has_permissions` WRITE;
/*!40000 ALTER TABLE `model_has_permissions` DISABLE KEYS */;
SET autocommit=0;
INSERT INTO `model_has_permissions` VALUES (25,'App\\Models\\Admin',1),(24,'App\\Models\\Admin',20),(21,'App\\Models\\Admin',22),(21,'App\\Models\\Admin',24),(21,'App\\Models\\Admin',26),(22,'App\\Models\\Admin',27),(23,'App\\Models\\Admin',27),(21,'App\\Models\\Admin',28),(24,'App\\Models\\Admin',29),(24,'App\\Models\\Admin',31),(24,'App\\Models\\Admin',32),(24,'App\\Models\\Admin',33);
/*!40000 ALTER TABLE `model_has_permissions` ENABLE KEYS */;
UNLOCK TABLES;
COMMIT;

-- Dumped table `model_has_permissions` with 12 row(s)
--

--
-- Table structure for table `model_has_roles`
--

/*!40101 SET @saved_cs_client     = @@character_set_client */;
/*!40101 SET character_set_client = utf8 */;
CREATE TABLE `model_has_roles` (
  `role_id` bigint(20) unsigned NOT NULL,
  `model_type` varchar(255) COLLATE utf8mb4_unicode_ci NOT NULL,
  `model_id` bigint(20) unsigned NOT NULL,
  PRIMARY KEY (`role_id`,`model_id`,`model_type`),
  KEY `model_has_roles_model_id_model_type_index` (`model_id`,`model_type`),
  CONSTRAINT `model_has_roles_role_id_foreign` FOREIGN KEY (`role_id`) REFERENCES `roles` (`id`) ON DELETE CASCADE
) ENGINE=InnoDB DEFAULT CHARSET=utf8mb4 COLLATE=utf8mb4_unicode_ci;
/*!40101 SET character_set_client = @saved_cs_client */;

--
-- Dumping data for table `model_has_roles`
--

LOCK TABLES `model_has_roles` WRITE;
/*!40000 ALTER TABLE `model_has_roles` DISABLE KEYS */;
SET autocommit=0;
INSERT INTO `model_has_roles` VALUES (1,'App\\Models\\User',4),(1,'App\\Models\\User',17),(7,'App\\Models\\User',22),(11,'App\\Models\\User',22),(7,'App\\Models\\User',23),(11,'App\\Models\\User',23),(7,'App\\Models\\User',24),(11,'App\\Models\\User',24),(7,'App\\Models\\User',25),(11,'App\\Models\\User',25),(7,'App\\Models\\User',26),(11,'App\\Models\\User',26),(1,'App\\Models\\User',27),(1,'App\\Models\\User',28),(1,'App\\Models\\User',29),(1,'App\\Models\\User',32),(1,'App\\Models\\User',33);
/*!40000 ALTER TABLE `model_has_roles` ENABLE KEYS */;
UNLOCK TABLES;
COMMIT;

-- Dumped table `model_has_roles` with 17 row(s)
--

--
-- Table structure for table `obstacle_cources`
--

/*!40101 SET @saved_cs_client     = @@character_set_client */;
/*!40101 SET character_set_client = utf8 */;
CREATE TABLE `obstacle_cources` (
  `id` int(11) NOT NULL AUTO_INCREMENT,
  `title` varchar(150) COLLATE utf8mb4_unicode_ci DEFAULT NULL,
  `text` text COLLATE utf8mb4_unicode_ci,
  `image` varchar(150) COLLATE utf8mb4_unicode_ci DEFAULT NULL,
  `name` varchar(100) COLLATE utf8mb4_unicode_ci DEFAULT NULL,
  PRIMARY KEY (`id`)
) ENGINE=InnoDB AUTO_INCREMENT=4 DEFAULT CHARSET=utf8mb4 COLLATE=utf8mb4_unicode_ci;
/*!40101 SET character_set_client = @saved_cs_client */;

--
-- Dumping data for table `obstacle_cources`
--

LOCK TABLES `obstacle_cources` WRITE;
/*!40000 ALTER TABLE `obstacle_cources` DISABLE KEYS */;
SET autocommit=0;
INSERT INTO `obstacle_cources` VALUES (1,'Challenge Yourself','With a set of professionally designed obstacle courses to test your courage','assets/site/img/c2.jpg','SKILLED'),(2,'4th of June 2022','The wait is finally over as the adventurous life you\'ve always been after, is a couple of days away!','assets/site/img/c1.jpg','EXPERT'),(3,'with the help of a professional','is an ideal spot for Team Buildings, Birthdays and Corporate Events','assets/site/img/c3.jpg','NOVICE');
/*!40000 ALTER TABLE `obstacle_cources` ENABLE KEYS */;
UNLOCK TABLES;
COMMIT;

-- Dumped table `obstacle_cources` with 3 row(s)
--

--
-- Table structure for table `offer_items`
--

/*!40101 SET @saved_cs_client     = @@character_set_client */;
/*!40101 SET character_set_client = utf8 */;
CREATE TABLE `offer_items` (
  `id` bigint(20) unsigned NOT NULL AUTO_INCREMENT,
  `title` varchar(255) COLLATE utf8mb4_unicode_ci NOT NULL,
  `photo` varchar(255) COLLATE utf8mb4_unicode_ci NOT NULL,
  `desc` text COLLATE utf8mb4_unicode_ci NOT NULL,
  `offer_id` bigint(20) unsigned DEFAULT NULL,
  `created_at` timestamp NULL DEFAULT NULL,
  `updated_at` timestamp NULL DEFAULT NULL,
  PRIMARY KEY (`id`),
  KEY `offer_items_offer_id_foreign` (`offer_id`),
  CONSTRAINT `offer_items_offer_id_foreign` FOREIGN KEY (`offer_id`) REFERENCES `offers` (`id`) ON DELETE CASCADE
) ENGINE=InnoDB AUTO_INCREMENT=10 DEFAULT CHARSET=utf8mb4 COLLATE=utf8mb4_unicode_ci;
/*!40101 SET character_set_client = @saved_cs_client */;

--
-- Dumping data for table `offer_items`
--

LOCK TABLES `offer_items` WRITE;
/*!40000 ALTER TABLE `offer_items` DISABLE KEYS */;
SET autocommit=0;
INSERT INTO `offer_items` VALUES (1,'JUNIOR','assets/uploads/offers_items/95801646047407.jpeg','Who said adventure is only for adults?! Adventure is more important for juniors now more than ever, and that is all to help them disconnect from the world of technology and reunite with their playful exploratory nature. Obstacle courses specifically have their way of teaching them how to look for quick solutions to overcome each obstacle and enhance their feeling of self-confidence. Finally, a simple clap from the proud crowd will enrich their self-esteem and sense of accomplishment. Sky Park has a special course designed with our little, beloved ones in mind, offering them the same challenging experience but with a touch of simplicity.',1,'2022-02-28 11:23:27','2022-02-28 11:23:27'),(2,'NOVICE','assets/uploads/offers_items/18191646047544.jpg','If you are still a newbie when it comes to climbing and hanging on ropes, or if you just need a warmup prior to going rough. the orange course is your best choice, as it has a set of 10 beginner-level obstacles placed at only a height of 2 meters away from the ground level. Here, you can test your skills before going wild on a tougher and higher level. The orange course is ideal for children and older people who might have some fear of heights.',1,'2022-02-28 11:25:44','2022-02-28 11:25:44'),(3,'SKILLED','assets/uploads/offers_items/6671646047600.jpg','This course is designed to put your physical and mental skills up to the test. Once you climb up, there’s only one way down and that’s right at the end of your path. A challenge that would make your mind erupt with joy and your heart with pleasure. Your knees might be shaking but a smile is certain to stay put on your face. And when you reach the end of it, the feeling of accomplishment will be the only thing to last. The green course is our recommendation for intermediate-level adventurers, who seek a nice adrenaline boost to snack on.',1,'2022-02-28 11:26:40','2022-02-28 11:26:40'),(4,'EXPERT','assets/uploads/offers_items/68641646047669.jpg','For the tough ones who don’t settle for the least, this would be your true Everest to climb. The Red course has claimed its color from the extent of its ultimatum. Are you brave enough to walk on some wooden logs supported with nothing but a pair of ropes, or hang on a climbing wall at a height of around 30 meters? One thing is certain to be said, this course is not for the faint-hearted, but once you get it over with, nothing more can stand in your way.',1,'2022-02-28 11:27:49','2022-02-28 11:27:49'),(5,'FOOD-CARTS','assets/uploads/offers_items/6201646047743.jpg','Buckle up and prepare for the perfect Birthday celebration that you or your beloved kids will definitely cherish. Get in touch and let our specialized team assist you in organizing a memorable day that will leave nothing unaccounted for. Starting from the cake, decorations, activations, music, and the thrill adventures of Sky Park, of course.',2,'2022-02-28 11:29:03','2022-02-28 11:29:03'),(6,'WEST-TOWN-HUB','assets/uploads/offers_items/63391646047788.jpg','Devour a box of Fried chicken or a juicy burger. Sky Park is located right next to West Town Hub at SODIC, 6th of October city. The Hub is SODIC’s dining area which boasts a set of the best-rated restaurants and coffee shops. You can grab a quick bite prior to going on your fun adventure or loading up afterward. Nothing makes an outing complete as a tasty meal among some nice company, combine that with the adrenaline-boosting experience of Sky Park and your day will just shine.',2,'2022-02-28 11:29:48','2022-02-28 11:29:48'),(7,'BIRTHDAYS','assets/uploads/offers_items/89121646048060.jpg','As Sky Park will push your energy savings to their minimum, you will definitely need to grab a bite in order to recharge. That’s why a snack cart is available to help you pack up those missing calories and get ready for another round on the high ropes. Don’t let the sound of your empty growling stomach last and grab yourself a pack of popcorn or a packet of freshly prepared chips seasoned to tingle your taste buds with the most cheerful flavors',4,'2022-02-28 11:34:20','2022-02-28 11:34:20'),(8,'CORPORATE-EVENTS','assets/uploads/offers_items/45791646048112.jpg','Do you think your team is exhausted from work and needs some refreshment to get back on the productivity track? Nothing achieves that better than going on a group adventure. Sky Park has it all planned for you with a space to customize your own package based on the number of your employees.',4,'2022-02-28 11:35:12','2022-02-28 11:35:12'),(9,'GROUPS','assets/uploads/offers_items/25281646048150.jpg','Get your friends and their families on board and set your sails towards Sky Park and don’t worry about your budget, we’ll take care of this for you',4,'2022-02-28 11:35:50','2022-02-28 11:35:50');
/*!40000 ALTER TABLE `offer_items` ENABLE KEYS */;
UNLOCK TABLES;
COMMIT;

-- Dumped table `offer_items` with 9 row(s)
--

--
-- Table structure for table `offers`
--

/*!40101 SET @saved_cs_client     = @@character_set_client */;
/*!40101 SET character_set_client = utf8 */;
CREATE TABLE `offers` (
  `id` bigint(20) unsigned NOT NULL AUTO_INCREMENT,
  `title` varchar(255) COLLATE utf8mb4_unicode_ci NOT NULL,
  `created_at` timestamp NULL DEFAULT NULL,
  `updated_at` timestamp NULL DEFAULT NULL,
  PRIMARY KEY (`id`)
) ENGINE=InnoDB AUTO_INCREMENT=6 DEFAULT CHARSET=utf8mb4 COLLATE=utf8mb4_unicode_ci;
/*!40101 SET character_set_client = @saved_cs_client */;

--
-- Dumping data for table `offers`
--

LOCK TABLES `offers` WRITE;
/*!40000 ALTER TABLE `offers` DISABLE KEYS */;
SET autocommit=0;
INSERT INTO `offers` VALUES (1,'Courses','2022-02-28 11:03:47','2022-02-28 11:03:47'),(2,'Snacks','2022-02-28 11:04:51','2022-02-28 11:05:24'),(4,'EVENTS','2022-02-28 11:32:49','2022-02-28 11:32:49'),(5,'Title','2022-09-30 16:46:35','2022-09-30 16:46:35');
/*!40000 ALTER TABLE `offers` ENABLE KEYS */;
UNLOCK TABLES;
COMMIT;

-- Dumped table `offers` with 4 row(s)
--

--
-- Table structure for table `password_resets`
--

/*!40101 SET @saved_cs_client     = @@character_set_client */;
/*!40101 SET character_set_client = utf8 */;
CREATE TABLE `password_resets` (
  `email` varchar(255) COLLATE utf8mb4_unicode_ci NOT NULL,
  `token` varchar(255) COLLATE utf8mb4_unicode_ci NOT NULL,
  `created_at` timestamp NULL DEFAULT NULL,
  KEY `password_resets_email_index` (`email`)
) ENGINE=InnoDB DEFAULT CHARSET=utf8mb4 COLLATE=utf8mb4_unicode_ci;
/*!40101 SET character_set_client = @saved_cs_client */;

--
-- Dumping data for table `password_resets`
--

LOCK TABLES `password_resets` WRITE;
/*!40000 ALTER TABLE `password_resets` DISABLE KEYS */;
SET autocommit=0;
/*!40000 ALTER TABLE `password_resets` ENABLE KEYS */;
UNLOCK TABLES;
COMMIT;

-- Dumped table `password_resets` with 0 row(s)
--

--
-- Table structure for table `payments`
--

/*!40101 SET @saved_cs_client     = @@character_set_client */;
/*!40101 SET character_set_client = utf8 */;
CREATE TABLE `payments` (
  `id` bigint(20) unsigned NOT NULL AUTO_INCREMENT,
  `rev_id` bigint(20) unsigned DEFAULT NULL,
  `ticket_id` bigint(20) unsigned DEFAULT NULL,
  `cashier_id` bigint(20) unsigned NOT NULL,
  `payment_method` enum('cash','visa','mastercard','Meeza','voucher') COLLATE utf8mb4_unicode_ci NOT NULL DEFAULT 'cash',
  `amount` double(15,2) DEFAULT NULL,
  `day` date DEFAULT NULL,
  `uploaded` varchar(5) COLLATE utf8mb4_unicode_ci NOT NULL DEFAULT '0',
  `created_at` timestamp NULL DEFAULT NULL,
  `updated_at` timestamp NULL DEFAULT NULL,
  PRIMARY KEY (`id`),
  KEY `payments_rev_id_foreign` (`rev_id`),
  KEY `payments_ticket_id_foreign` (`ticket_id`),
  CONSTRAINT `payments_rev_id_foreign` FOREIGN KEY (`rev_id`) REFERENCES `reservations` (`id`) ON DELETE CASCADE,
  CONSTRAINT `payments_ticket_id_foreign` FOREIGN KEY (`ticket_id`) REFERENCES `tickets` (`id`) ON DELETE CASCADE
) ENGINE=InnoDB AUTO_INCREMENT=52 DEFAULT CHARSET=utf8mb4 COLLATE=utf8mb4_unicode_ci;
/*!40101 SET character_set_client = @saved_cs_client */;

--
-- Dumping data for table `payments`
--

LOCK TABLES `payments` WRITE;
/*!40000 ALTER TABLE `payments` DISABLE KEYS */;
SET autocommit=0;
INSERT INTO `payments` VALUES (48,NULL,43,32,'cash',470.00,'2023-01-03','0','2023-01-03 13:15:14','2023-01-03 13:15:14'),(49,NULL,44,32,'cash',423.00,'2023-01-04','0','2023-01-04 14:05:36','2023-01-04 14:05:36'),(50,NULL,45,33,'cash',423.00,'2023-01-04','0','2023-01-04 14:12:24','2023-01-04 14:12:24'),(51,NULL,45,33,'cash',130.00,'2023-01-04','0','2023-01-04 14:15:18','2023-01-04 14:15:18');
/*!40000 ALTER TABLE `payments` ENABLE KEYS */;
UNLOCK TABLES;
COMMIT;

-- Dumped table `payments` with 4 row(s)
--

--
-- Table structure for table `permissions`
--

/*!40101 SET @saved_cs_client     = @@character_set_client */;
/*!40101 SET character_set_client = utf8 */;
CREATE TABLE `permissions` (
  `id` bigint(20) unsigned NOT NULL AUTO_INCREMENT,
  `name` varchar(255) COLLATE utf8mb4_unicode_ci NOT NULL,
  `guard_name` varchar(255) COLLATE utf8mb4_unicode_ci NOT NULL,
  `created_at` timestamp NULL DEFAULT NULL,
  `updated_at` timestamp NULL DEFAULT NULL,
  PRIMARY KEY (`id`),
  UNIQUE KEY `permissions_name_guard_name_unique` (`name`,`guard_name`)
) ENGINE=InnoDB AUTO_INCREMENT=26 DEFAULT CHARSET=utf8mb4 COLLATE=utf8mb4_unicode_ci;
/*!40101 SET character_set_client = @saved_cs_client */;

--
-- Dumping data for table `permissions`
--

LOCK TABLES `permissions` WRITE;
/*!40000 ALTER TABLE `permissions` DISABLE KEYS */;
SET autocommit=0;
INSERT INTO `permissions` VALUES (11,'Add Client','web','2022-04-28 11:01:06','2022-04-28 11:01:06'),(12,'Edit Ticket','web','2022-04-28 11:01:06','2022-04-28 11:01:06'),(13,'Family Sale','web','2022-04-28 11:01:07','2022-04-28 11:01:07'),(14,'Family Access','web','2022-04-28 11:01:07','2022-04-28 11:01:07'),(15,'Reservation','web','2022-04-28 11:01:07','2022-04-28 11:01:07'),(16,'Capacity','web','2022-04-28 11:01:07','2022-04-28 11:01:07'),(17,'Group Access','web','2022-04-28 11:01:07','2022-04-28 11:01:07'),(18,'Group Sale','web','2022-04-28 11:01:07','2022-04-28 11:01:07'),(19,'Corporations','web','2022-04-28 11:01:07','2022-04-28 11:01:07'),(20,'Exit','web','2022-04-28 11:01:07','2022-04-28 11:01:07'),(21,'CS','admin','2022-04-28 11:01:07','2022-04-28 11:01:07'),(22,'Marketing','admin','2022-04-28 11:01:07','2022-04-28 11:01:07'),(23,'Setting','admin','2022-04-28 11:01:07','2022-04-28 11:01:07'),(24,'Branch Admin','admin','2022-04-28 11:01:07','2022-04-28 11:01:07'),(25,'Master','admin','2022-04-28 11:01:07','2022-04-28 11:01:07');
/*!40000 ALTER TABLE `permissions` ENABLE KEYS */;
UNLOCK TABLES;
COMMIT;

-- Dumped table `permissions` with 15 row(s)
--

--
-- Table structure for table `prices_slider`
--

/*!40101 SET @saved_cs_client     = @@character_set_client */;
/*!40101 SET character_set_client = utf8 */;
CREATE TABLE `prices_slider` (
  `id` bigint(20) NOT NULL AUTO_INCREMENT,
  `image` varchar(500) COLLATE utf8mb4_unicode_ci DEFAULT NULL,
  `created_at` timestamp NULL DEFAULT NULL,
  `updated_at` timestamp NULL DEFAULT NULL,
  PRIMARY KEY (`id`)
) ENGINE=InnoDB AUTO_INCREMENT=7 DEFAULT CHARSET=utf8mb4 COLLATE=utf8mb4_unicode_ci;
/*!40101 SET character_set_client = @saved_cs_client */;

--
-- Dumping data for table `prices_slider`
--

LOCK TABLES `prices_slider` WRITE;
/*!40000 ALTER TABLE `prices_slider` DISABLE KEYS */;
SET autocommit=0;
INSERT INTO `prices_slider` VALUES (3,'assets/site/img/price1.jpg','2022-07-19 15:29:11',NULL),(4,'/assets/site/img/price2.jpg','2022-07-19 15:29:18',NULL),(5,'assets/site/img/price2.jpg','2022-07-06 15:29:23',NULL),(6,'/assets/site/img/price3.jpg','2022-07-13 15:29:27',NULL);
/*!40000 ALTER TABLE `prices_slider` ENABLE KEYS */;
UNLOCK TABLES;
COMMIT;

-- Dumped table `prices_slider` with 4 row(s)
--

--
-- Table structure for table `products`
--

/*!40101 SET @saved_cs_client     = @@character_set_client */;
/*!40101 SET character_set_client = utf8 */;
CREATE TABLE `products` (
  `id` bigint(20) unsigned NOT NULL AUTO_INCREMENT,
  `title` varchar(500) COLLATE utf8mb4_unicode_ci DEFAULT NULL,
  `category_id` bigint(20) unsigned DEFAULT NULL,
  `status` enum('0','1') COLLATE utf8mb4_unicode_ci DEFAULT '1',
  `vat` int(3) NOT NULL DEFAULT '0',
  `price_before_vat` double DEFAULT NULL,
  `price` double DEFAULT '0',
  `uploaded` varchar(5) COLLATE utf8mb4_unicode_ci NOT NULL DEFAULT '0',
  `created_at` timestamp NULL DEFAULT NULL,
  `updated_at` timestamp NULL DEFAULT NULL,
  PRIMARY KEY (`id`),
  KEY `products_category_id_foreign` (`category_id`),
  CONSTRAINT `products_category_id_foreign` FOREIGN KEY (`category_id`) REFERENCES `categories` (`id`) ON DELETE CASCADE
) ENGINE=InnoDB AUTO_INCREMENT=44 DEFAULT CHARSET=utf8mb4 COLLATE=utf8mb4_unicode_ci;
/*!40101 SET character_set_client = @saved_cs_client */;

--
-- Dumping data for table `products`
--

LOCK TABLES `products` WRITE;
/*!40000 ALTER TABLE `products` DISABLE KEYS */;
SET autocommit=0;
INSERT INTO `products` VALUES (39,'Celebration_2500',7,'1',14,2192.98,2500,'1','2022-10-31 09:54:05','2022-11-01 12:42:39'),(40,'Celebration_3500',7,'1',14,3070.18,3500,'1','2022-11-01 12:42:21','2022-11-01 12:42:57'),(41,'Celebration_2500',7,'1',14,2192.98,2500,'1','2022-12-09 10:26:34','2022-12-09 10:26:34'),(42,'Celebration_3500',7,'1',14,3070.18,3500,'1','2022-12-09 10:26:35','2022-12-09 10:26:35'),(43,'Celebration_2500',7,'1',14,2192.98,2500,'1','2022-12-09 10:28:18','2022-12-09 10:28:18');
/*!40000 ALTER TABLE `products` ENABLE KEYS */;
UNLOCK TABLES;
COMMIT;

-- Dumped table `products` with 5 row(s)
--

--
-- Table structure for table `references`
--

/*!40101 SET @saved_cs_client     = @@character_set_client */;
/*!40101 SET character_set_client = utf8 */;
CREATE TABLE `references` (
  `id` bigint(20) unsigned NOT NULL AUTO_INCREMENT,
  `title` varchar(255) COLLATE utf8mb4_unicode_ci NOT NULL,
  `created_at` timestamp NULL DEFAULT NULL,
  `updated_at` timestamp NULL DEFAULT NULL,
  PRIMARY KEY (`id`)
) ENGINE=InnoDB AUTO_INCREMENT=9 DEFAULT CHARSET=utf8mb4 COLLATE=utf8mb4_unicode_ci;
/*!40101 SET character_set_client = @saved_cs_client */;

--
-- Dumping data for table `references`
--

LOCK TABLES `references` WRITE;
/*!40000 ALTER TABLE `references` DISABLE KEYS */;
SET autocommit=0;
INSERT INTO `references` VALUES (2,'Twitter','2022-02-23 10:00:34','2022-02-23 10:00:34'),(4,'Others','2022-02-23 10:02:39','2022-02-23 10:25:05'),(6,'Friend','2022-02-23 10:24:56','2022-02-23 10:24:56'),(7,'Facebook','2022-11-01 12:58:52','2022-11-01 12:58:52'),(8,'Google','2022-11-01 12:59:11','2022-11-01 12:59:11');
/*!40000 ALTER TABLE `references` ENABLE KEYS */;
UNLOCK TABLES;
COMMIT;

-- Dumped table `references` with 5 row(s)
--

--
-- Table structure for table `reservations`
--

/*!40101 SET @saved_cs_client     = @@character_set_client */;
/*!40101 SET character_set_client = utf8 */;
CREATE TABLE `reservations` (
  `id` bigint(20) unsigned NOT NULL AUTO_INCREMENT,
  `add_by` int(11) DEFAULT NULL,
  `ticket_num` varchar(255) COLLATE utf8mb4_unicode_ci DEFAULT NULL,
  `custom_id` varchar(30) COLLATE utf8mb4_unicode_ci DEFAULT NULL,
  `day` date DEFAULT NULL,
  `client_name` varchar(500) COLLATE utf8mb4_unicode_ci DEFAULT NULL,
  `phone` varchar(500) COLLATE utf8mb4_unicode_ci DEFAULT NULL,
  `email` varchar(500) COLLATE utf8mb4_unicode_ci DEFAULT NULL,
  `gender` enum('male','female') COLLATE utf8mb4_unicode_ci DEFAULT NULL,
  `gov_id` bigint(20) unsigned DEFAULT NULL,
  `city_id` bigint(20) unsigned DEFAULT NULL,
  `event_id` bigint(20) unsigned DEFAULT NULL,
  `shift_id` bigint(20) unsigned DEFAULT NULL,
  `hours_count` double DEFAULT '0',
  `total_price` double(15,2) DEFAULT '0.00',
  `total_top_up_hours` double DEFAULT '0',
  `total_top_up_price` double DEFAULT '0',
  `total_top_down_price` double NOT NULL DEFAULT '0',
  `payment_method` enum('cash','visa','mastercard','Meeza','voucher') COLLATE utf8mb4_unicode_ci NOT NULL DEFAULT 'cash',
  `payment_status` enum('0','1') COLLATE utf8mb4_unicode_ci DEFAULT '0',
  `note` text COLLATE utf8mb4_unicode_ci,
  `discount_type` enum('per','val') COLLATE utf8mb4_unicode_ci DEFAULT 'val',
  `discount_value` double DEFAULT '0',
  `discount_id` bigint(20) DEFAULT NULL,
  `ticket_price` double(15,2) NOT NULL DEFAULT '0.00',
  `ent_tax` double DEFAULT '0',
  `vat` double(15,2) NOT NULL DEFAULT '0.00',
  `grand_total` double(15,2) DEFAULT '0.00',
  `paid_amount` double(15,2) NOT NULL DEFAULT '0.00' COMMENT 'المدفوع',
  `rem_amount` double DEFAULT '0' COMMENT 'المتبقى',
  `status` enum('append','in','out') COLLATE utf8mb4_unicode_ci DEFAULT 'append',
  `is_coupon` enum('0','1') COLLATE utf8mb4_unicode_ci NOT NULL DEFAULT '0' COMMENT '1 means it is coupon',
  `coupon_start` date DEFAULT NULL,
  `coupon_end` date DEFAULT NULL,
  `uploaded` varchar(5) COLLATE utf8mb4_unicode_ci NOT NULL DEFAULT '0',
  `created_at` timestamp NULL DEFAULT NULL,
  `updated_at` timestamp NULL DEFAULT NULL,
  PRIMARY KEY (`id`),
  KEY `reservations_giv_id_foreign` (`gov_id`),
  KEY `reservations_city_id_foreign` (`city_id`),
  KEY `reservations_event_id_foreign` (`event_id`),
  KEY `reservations_shift_id_foreign` (`shift_id`),
  CONSTRAINT `reservations_city_id_foreign` FOREIGN KEY (`city_id`) REFERENCES `cities` (`id`) ON DELETE CASCADE,
  CONSTRAINT `reservations_event_id_foreign` FOREIGN KEY (`event_id`) REFERENCES `events` (`id`) ON DELETE CASCADE,
  CONSTRAINT `reservations_giv_id_foreign` FOREIGN KEY (`gov_id`) REFERENCES `governorates` (`id`) ON DELETE CASCADE,
  CONSTRAINT `reservations_shift_id_foreign` FOREIGN KEY (`shift_id`) REFERENCES `shifts` (`id`) ON DELETE CASCADE
) ENGINE=InnoDB DEFAULT CHARSET=utf8mb4 COLLATE=utf8mb4_unicode_ci;
/*!40101 SET character_set_client = @saved_cs_client */;

--
-- Dumping data for table `reservations`
--

LOCK TABLES `reservations` WRITE;
/*!40000 ALTER TABLE `reservations` DISABLE KEYS */;
SET autocommit=0;
/*!40000 ALTER TABLE `reservations` ENABLE KEYS */;
UNLOCK TABLES;
COMMIT;

-- Dumped table `reservations` with 0 row(s)
--

--
-- Table structure for table `reservations_birth_day_infos`
--

/*!40101 SET @saved_cs_client     = @@character_set_client */;
/*!40101 SET character_set_client = utf8 */;
CREATE TABLE `reservations_birth_day_infos` (
  `id` bigint(20) unsigned NOT NULL AUTO_INCREMENT,
  `rev_id` bigint(20) unsigned DEFAULT NULL,
  `name` varchar(500) COLLATE utf8mb4_unicode_ci DEFAULT NULL,
  `email` varchar(500) COLLATE utf8mb4_unicode_ci DEFAULT NULL,
  `phone` varchar(50) COLLATE utf8mb4_unicode_ci DEFAULT NULL,
  `gender` enum('male','female') COLLATE utf8mb4_unicode_ci DEFAULT NULL,
  `birthday` date DEFAULT NULL,
  `created_at` timestamp NULL DEFAULT NULL,
  `updated_at` timestamp NULL DEFAULT NULL,
  `uploaded` varchar(5) COLLATE utf8mb4_unicode_ci NOT NULL DEFAULT '0',
  PRIMARY KEY (`id`),
  KEY `reservations_birth_day_infos_rev_id_foreign` (`rev_id`),
  CONSTRAINT `reservations_birth_day_infos_rev_id_foreign` FOREIGN KEY (`rev_id`) REFERENCES `reservations` (`id`) ON DELETE CASCADE
) ENGINE=InnoDB AUTO_INCREMENT=119 DEFAULT CHARSET=utf8mb4 COLLATE=utf8mb4_unicode_ci;
/*!40101 SET character_set_client = @saved_cs_client */;

--
-- Dumping data for table `reservations_birth_day_infos`
--

LOCK TABLES `reservations_birth_day_infos` WRITE;
/*!40000 ALTER TABLE `reservations_birth_day_infos` DISABLE KEYS */;
SET autocommit=0;
INSERT INTO `reservations_birth_day_infos` VALUES (43,NULL,NULL,NULL,NULL,NULL,NULL,'2022-11-02 13:16:26','2022-11-02 13:16:26','0'),(44,NULL,NULL,NULL,NULL,NULL,NULL,'2022-11-02 13:27:18','2022-11-02 13:27:18','0'),(45,NULL,NULL,NULL,NULL,NULL,NULL,'2022-11-02 13:37:00','2022-11-02 13:37:00','0'),(46,NULL,NULL,NULL,NULL,NULL,NULL,'2022-11-02 14:01:19','2022-11-02 14:01:19','0'),(47,NULL,NULL,NULL,NULL,NULL,NULL,'2022-11-02 14:03:04','2022-11-02 14:03:04','0'),(49,NULL,NULL,NULL,NULL,NULL,NULL,'2022-11-06 10:53:26','2022-11-06 10:53:26','0'),(50,NULL,NULL,NULL,NULL,NULL,NULL,'2022-11-06 10:57:39','2022-11-06 10:57:39','0'),(51,NULL,NULL,NULL,NULL,NULL,NULL,'2022-11-06 10:57:56','2022-11-06 10:57:56','0'),(52,NULL,NULL,NULL,NULL,NULL,NULL,'2022-11-06 10:59:08','2022-11-06 10:59:08','0'),(53,NULL,NULL,NULL,NULL,NULL,NULL,'2022-11-06 11:37:50','2022-11-06 11:37:50','0'),(54,NULL,NULL,NULL,NULL,NULL,NULL,'2022-11-06 11:46:36','2022-11-06 11:46:36','0'),(55,NULL,NULL,NULL,NULL,NULL,NULL,'2022-11-06 11:51:37','2022-11-06 11:51:37','0'),(56,NULL,NULL,NULL,NULL,NULL,NULL,'2022-11-06 11:58:36','2022-11-06 11:58:36','0'),(57,NULL,NULL,NULL,NULL,NULL,NULL,'2022-11-06 12:42:06','2022-11-06 12:42:06','0'),(58,NULL,NULL,NULL,NULL,NULL,NULL,'2022-11-06 13:09:14','2022-11-06 13:09:14','0'),(59,NULL,NULL,NULL,NULL,NULL,NULL,'2022-11-06 13:13:33','2022-11-06 13:13:33','0'),(60,NULL,NULL,NULL,NULL,NULL,NULL,'2022-11-06 13:37:21','2022-11-06 13:37:21','0'),(61,NULL,NULL,NULL,NULL,NULL,NULL,'2022-11-06 13:59:31','2022-11-06 13:59:31','0'),(62,NULL,NULL,NULL,NULL,NULL,NULL,'2022-11-06 14:44:02','2022-11-06 14:44:02','0'),(63,NULL,NULL,NULL,NULL,NULL,NULL,'2022-11-06 14:53:53','2022-11-06 14:53:53','0'),(64,NULL,NULL,NULL,NULL,NULL,NULL,'2022-11-06 14:55:35','2022-11-06 14:55:35','0'),(65,NULL,NULL,NULL,NULL,NULL,NULL,'2022-11-06 15:00:14','2022-11-06 15:00:14','0'),(66,NULL,NULL,NULL,NULL,NULL,NULL,'2022-11-06 15:03:36','2022-11-06 15:03:36','0'),(67,NULL,NULL,NULL,NULL,NULL,NULL,'2022-11-06 15:06:17','2022-11-06 15:06:17','0'),(68,NULL,NULL,NULL,NULL,NULL,NULL,'2022-11-06 15:14:22','2022-11-06 15:14:22','0'),(69,NULL,NULL,NULL,NULL,NULL,NULL,'2022-11-06 15:25:04','2022-11-06 15:25:04','0'),(70,NULL,NULL,NULL,NULL,NULL,NULL,'2022-11-22 15:41:55','2022-11-22 15:41:55','0'),(71,NULL,NULL,NULL,NULL,NULL,NULL,'2022-11-22 15:59:40','2022-11-22 15:59:40','0'),(72,NULL,NULL,NULL,NULL,NULL,NULL,'2022-11-22 16:27:47','2022-11-22 16:27:47','0'),(73,NULL,NULL,NULL,NULL,NULL,NULL,'2022-11-23 09:19:04','2022-11-23 09:19:04','0'),(74,NULL,NULL,NULL,NULL,NULL,NULL,'2022-11-23 09:50:52','2022-11-23 09:50:52','0'),(75,NULL,NULL,NULL,NULL,NULL,NULL,'2022-11-23 09:55:26','2022-11-23 09:55:26','0'),(76,NULL,NULL,NULL,NULL,NULL,NULL,'2022-11-23 10:08:19','2022-11-23 10:08:19','0'),(77,NULL,NULL,NULL,NULL,NULL,NULL,'2022-11-23 10:17:17','2022-11-23 10:17:17','0'),(78,NULL,NULL,NULL,NULL,NULL,NULL,'2022-11-23 10:20:22','2022-11-23 10:20:22','0'),(79,NULL,NULL,NULL,NULL,NULL,NULL,'2022-11-23 10:40:04','2022-11-23 10:40:04','0'),(80,NULL,NULL,NULL,NULL,NULL,NULL,'2022-11-23 10:44:54','2022-11-23 10:44:54','0'),(81,NULL,NULL,NULL,NULL,NULL,NULL,'2022-11-23 13:01:57','2022-11-23 13:01:57','0'),(82,NULL,NULL,NULL,NULL,NULL,NULL,'2022-11-23 13:28:05','2022-11-23 13:28:05','0'),(83,NULL,NULL,NULL,NULL,NULL,NULL,'2022-11-23 13:30:03','2022-11-23 13:30:03','0'),(84,NULL,NULL,NULL,NULL,NULL,NULL,'2022-11-23 13:33:29','2022-11-23 13:33:29','0'),(85,NULL,NULL,NULL,NULL,NULL,NULL,'2022-11-23 14:05:40','2022-11-23 14:05:40','0'),(86,NULL,NULL,NULL,NULL,NULL,NULL,'2022-11-23 14:25:14','2022-11-23 14:25:14','0'),(87,NULL,NULL,NULL,NULL,NULL,NULL,'2022-11-23 14:40:33','2022-11-23 14:40:33','0'),(88,NULL,NULL,NULL,NULL,NULL,NULL,'2022-12-13 07:33:33','2022-12-13 07:33:33','0'),(89,NULL,NULL,NULL,NULL,NULL,NULL,'2022-12-13 13:02:13','2022-12-13 13:02:13','0'),(90,NULL,NULL,NULL,NULL,NULL,NULL,'2022-12-13 13:06:29','2022-12-13 13:06:29','0'),(91,NULL,NULL,NULL,NULL,NULL,NULL,'2022-12-13 13:09:06','2022-12-13 13:09:06','0'),(92,NULL,NULL,NULL,NULL,NULL,NULL,'2022-12-13 13:13:36','2022-12-13 13:13:36','0'),(93,NULL,NULL,NULL,NULL,NULL,NULL,'2022-12-13 13:22:34','2022-12-13 13:22:34','0'),(94,NULL,NULL,NULL,NULL,NULL,NULL,'2022-12-13 13:24:52','2022-12-13 13:24:52','0'),(95,NULL,NULL,NULL,NULL,NULL,NULL,'2022-12-13 13:30:10','2022-12-13 13:30:10','0'),(96,NULL,NULL,NULL,NULL,NULL,NULL,'2022-12-13 13:34:30','2022-12-13 13:34:30','0'),(97,NULL,NULL,NULL,NULL,NULL,NULL,'2022-12-13 13:41:50','2022-12-13 13:41:50','0'),(98,NULL,NULL,NULL,NULL,NULL,NULL,'2022-12-13 13:45:07','2022-12-13 13:45:07','0'),(99,NULL,NULL,NULL,NULL,NULL,NULL,'2022-12-13 13:48:46','2022-12-13 13:48:46','0'),(100,NULL,NULL,NULL,NULL,NULL,NULL,'2022-12-13 13:52:57','2022-12-13 13:52:57','0'),(101,NULL,NULL,NULL,NULL,NULL,NULL,'2022-12-21 08:48:29','2022-12-21 08:48:29','0'),(102,NULL,NULL,NULL,NULL,NULL,NULL,'2022-12-21 09:33:21','2022-12-21 09:33:21','0'),(103,NULL,NULL,NULL,NULL,NULL,NULL,'2022-12-23 11:27:08','2022-12-23 11:27:08','0'),(104,NULL,NULL,NULL,NULL,NULL,NULL,'2022-12-23 12:22:01','2022-12-23 12:22:01','0'),(105,NULL,NULL,NULL,NULL,NULL,NULL,'2022-12-25 07:07:28','2022-12-25 07:07:28','0'),(106,NULL,NULL,NULL,NULL,NULL,NULL,'2022-12-25 07:17:47','2022-12-25 07:17:47','0'),(107,NULL,NULL,NULL,NULL,NULL,NULL,'2022-12-25 07:25:21','2022-12-25 07:25:21','0'),(108,NULL,NULL,NULL,NULL,NULL,NULL,'2022-12-25 07:27:58','2022-12-25 07:27:58','0'),(109,NULL,NULL,NULL,NULL,NULL,NULL,'2022-12-25 07:38:10','2022-12-25 07:38:10','0'),(110,NULL,NULL,NULL,NULL,NULL,NULL,'2022-12-25 07:44:11','2022-12-25 07:44:11','0'),(111,NULL,NULL,NULL,NULL,NULL,NULL,'2022-12-25 08:01:58','2022-12-25 08:01:58','0'),(112,NULL,NULL,NULL,NULL,NULL,NULL,'2022-12-25 10:44:58','2022-12-25 10:44:58','0'),(113,NULL,NULL,NULL,NULL,NULL,NULL,'2022-12-27 13:35:13','2022-12-27 13:35:13','0'),(114,NULL,NULL,NULL,NULL,NULL,NULL,'2022-12-27 13:43:13','2022-12-27 13:43:13','0'),(115,NULL,NULL,NULL,NULL,NULL,NULL,'2022-12-27 13:43:56','2022-12-27 13:43:56','0'),(116,NULL,NULL,NULL,NULL,NULL,NULL,'2022-12-27 14:03:29','2022-12-27 14:03:29','0'),(117,NULL,NULL,NULL,NULL,NULL,NULL,'2022-12-27 14:08:03','2022-12-27 14:08:03','0'),(118,NULL,NULL,NULL,NULL,NULL,NULL,'2022-12-31 13:12:32','2022-12-31 13:12:32','0');
/*!40000 ALTER TABLE `reservations_birth_day_infos` ENABLE KEYS */;
UNLOCK TABLES;
COMMIT;

-- Dumped table `reservations_birth_day_infos` with 75 row(s)
--

--
-- Table structure for table `returns`
--

/*!40101 SET @saved_cs_client     = @@character_set_client */;
/*!40101 SET character_set_client = utf8 */;
CREATE TABLE `returns` (
  `id` bigint(20) NOT NULL AUTO_INCREMENT,
  `rev_id` bigint(20) unsigned DEFAULT NULL,
  `ticket_id` bigint(20) unsigned DEFAULT NULL,
  `cashier_id` bigint(20) unsigned NOT NULL,
  `payment_method` enum('cash','visa','mastercard','Meeza','voucher') NOT NULL DEFAULT 'cash',
  `amount` double(15,2) NOT NULL DEFAULT '0.00',
  `day` date DEFAULT NULL,
  `created_at` timestamp NULL DEFAULT NULL,
  `updated_at` timestamp NULL DEFAULT NULL,
  PRIMARY KEY (`id`),
  KEY `cash_id` (`cashier_id`),
  KEY `rev_con` (`rev_id`),
  KEY `ticket_cons` (`ticket_id`),
  CONSTRAINT `cash_id` FOREIGN KEY (`cashier_id`) REFERENCES `users` (`id`) ON DELETE CASCADE ON UPDATE CASCADE,
  CONSTRAINT `rev_con` FOREIGN KEY (`rev_id`) REFERENCES `reservations` (`id`) ON DELETE CASCADE ON UPDATE CASCADE,
  CONSTRAINT `ticket_cons` FOREIGN KEY (`ticket_id`) REFERENCES `tickets` (`id`) ON DELETE CASCADE ON UPDATE CASCADE
) ENGINE=InnoDB AUTO_INCREMENT=2 DEFAULT CHARSET=utf8;
/*!40101 SET character_set_client = @saved_cs_client */;

--
-- Dumping data for table `returns`
--

LOCK TABLES `returns` WRITE;
/*!40000 ALTER TABLE `returns` DISABLE KEYS */;
SET autocommit=0;
INSERT INTO `returns` VALUES (1,NULL,45,33,'cash',184.50,'2023-01-04','2023-01-04 14:16:27','2023-01-04 14:16:27');
/*!40000 ALTER TABLE `returns` ENABLE KEYS */;
UNLOCK TABLES;
COMMIT;

-- Dumped table `returns` with 1 row(s)
--

--
-- Table structure for table `role_has_permissions`
--

/*!40101 SET @saved_cs_client     = @@character_set_client */;
/*!40101 SET character_set_client = utf8 */;
CREATE TABLE `role_has_permissions` (
  `permission_id` bigint(20) unsigned NOT NULL,
  `role_id` bigint(20) unsigned NOT NULL,
  PRIMARY KEY (`permission_id`,`role_id`),
  KEY `role_has_permissions_role_id_foreign` (`role_id`),
  CONSTRAINT `role_has_permissions_permission_id_foreign` FOREIGN KEY (`permission_id`) REFERENCES `permissions` (`id`) ON DELETE CASCADE,
  CONSTRAINT `role_has_permissions_role_id_foreign` FOREIGN KEY (`role_id`) REFERENCES `roles` (`id`) ON DELETE CASCADE
) ENGINE=InnoDB DEFAULT CHARSET=utf8mb4 COLLATE=utf8mb4_unicode_ci;
/*!40101 SET character_set_client = @saved_cs_client */;

--
-- Dumping data for table `role_has_permissions`
--

LOCK TABLES `role_has_permissions` WRITE;
/*!40000 ALTER TABLE `role_has_permissions` DISABLE KEYS */;
SET autocommit=0;
INSERT INTO `role_has_permissions` VALUES (11,1),(12,1),(13,1),(14,1),(15,1),(16,1),(17,1),(18,1),(19,1),(20,1),(11,7),(12,7),(13,7),(14,7),(20,7),(15,8),(16,8),(17,8),(18,8),(20,8),(20,11),(19,12),(20,12),(11,13),(14,13),(17,13),(20,13);
/*!40000 ALTER TABLE `role_has_permissions` ENABLE KEYS */;
UNLOCK TABLES;
COMMIT;

-- Dumped table `role_has_permissions` with 27 row(s)
--

--
-- Table structure for table `roles`
--

/*!40101 SET @saved_cs_client     = @@character_set_client */;
/*!40101 SET character_set_client = utf8 */;
CREATE TABLE `roles` (
  `id` bigint(20) unsigned NOT NULL AUTO_INCREMENT,
  `name` varchar(255) COLLATE utf8mb4_unicode_ci NOT NULL,
  `guard_name` varchar(255) COLLATE utf8mb4_unicode_ci NOT NULL,
  `created_at` timestamp NULL DEFAULT NULL,
  `updated_at` timestamp NULL DEFAULT NULL,
  PRIMARY KEY (`id`),
  UNIQUE KEY `roles_name_guard_name_unique` (`name`,`guard_name`)
) ENGINE=InnoDB AUTO_INCREMENT=14 DEFAULT CHARSET=utf8mb4 COLLATE=utf8mb4_unicode_ci;
/*!40101 SET character_set_client = @saved_cs_client */;

--
-- Dumping data for table `roles`
--

LOCK TABLES `roles` WRITE;
/*!40000 ALTER TABLE `roles` DISABLE KEYS */;
SET autocommit=0;
INSERT INTO `roles` VALUES (1,'Master','web','2022-04-02 12:36:31','2022-04-02 12:36:31'),(7,'Family Administrator','web','2022-04-02 18:11:34','2022-04-03 05:16:30'),(8,'Group Administrator','web','2022-04-02 18:12:23','2022-04-03 05:20:11'),(11,'Exit Administrator','web','2022-04-03 05:20:47','2022-04-03 05:20:47'),(12,'Corporations Administrator','web','2022-04-03 06:06:57','2022-04-03 06:06:57'),(13,'Resv And Exit','web','2022-05-16 16:31:04','2022-05-16 16:31:04');
/*!40000 ALTER TABLE `roles` ENABLE KEYS */;
UNLOCK TABLES;
COMMIT;

-- Dumped table `roles` with 6 row(s)
--

--
-- Table structure for table `shift_details`
--

/*!40101 SET @saved_cs_client     = @@character_set_client */;
/*!40101 SET character_set_client = utf8 */;
CREATE TABLE `shift_details` (
  `id` bigint(20) unsigned NOT NULL AUTO_INCREMENT,
  `shift_id` bigint(20) unsigned DEFAULT NULL,
  `visitor_type_id` bigint(20) unsigned DEFAULT NULL,
  `price` double DEFAULT '0',
  `created_at` timestamp NULL DEFAULT NULL,
  `updated_at` timestamp NULL DEFAULT NULL,
  PRIMARY KEY (`id`),
  KEY `shift_details_shift_id_foreign` (`shift_id`),
  KEY `shift_details_visitor_type_id_foreign` (`visitor_type_id`)
) ENGINE=InnoDB AUTO_INCREMENT=3 DEFAULT CHARSET=utf8mb4 COLLATE=utf8mb4_unicode_ci;
/*!40101 SET character_set_client = @saved_cs_client */;

--
-- Dumping data for table `shift_details`
--

LOCK TABLES `shift_details` WRITE;
/*!40000 ALTER TABLE `shift_details` DISABLE KEYS */;
SET autocommit=0;
INSERT INTO `shift_details` VALUES (2,1,3,50,NULL,'2022-03-12 12:30:20');
/*!40000 ALTER TABLE `shift_details` ENABLE KEYS */;
UNLOCK TABLES;
COMMIT;

-- Dumped table `shift_details` with 1 row(s)
--

--
-- Table structure for table `shifts`
--

/*!40101 SET @saved_cs_client     = @@character_set_client */;
/*!40101 SET character_set_client = utf8 */;
CREATE TABLE `shifts` (
  `id` bigint(20) unsigned NOT NULL AUTO_INCREMENT,
  `from` time DEFAULT NULL,
  `to` time DEFAULT NULL,
  `status` enum('0','1') COLLATE utf8mb4_unicode_ci NOT NULL DEFAULT '1',
  `created_at` timestamp NULL DEFAULT NULL,
  `updated_at` timestamp NULL DEFAULT NULL,
  PRIMARY KEY (`id`)
) ENGINE=InnoDB AUTO_INCREMENT=2 DEFAULT CHARSET=utf8mb4 COLLATE=utf8mb4_unicode_ci;
/*!40101 SET character_set_client = @saved_cs_client */;

--
-- Dumping data for table `shifts`
--

LOCK TABLES `shifts` WRITE;
/*!40000 ALTER TABLE `shifts` DISABLE KEYS */;
SET autocommit=0;
INSERT INTO `shifts` VALUES (1,'09:00:00','23:59:00','1',NULL,'2022-07-25 14:59:43');
/*!40000 ALTER TABLE `shifts` ENABLE KEYS */;
UNLOCK TABLES;
COMMIT;

-- Dumped table `shifts` with 1 row(s)
--

--
-- Table structure for table `sliders`
--

/*!40101 SET @saved_cs_client     = @@character_set_client */;
/*!40101 SET character_set_client = utf8 */;
CREATE TABLE `sliders` (
  `id` bigint(20) unsigned NOT NULL AUTO_INCREMENT,
  `photo` varchar(255) COLLATE utf8mb4_unicode_ci NOT NULL,
  `title` varchar(255) COLLATE utf8mb4_unicode_ci DEFAULT NULL,
  `sub_title` varchar(255) COLLATE utf8mb4_unicode_ci DEFAULT NULL,
  `button_text` varchar(255) COLLATE utf8mb4_unicode_ci DEFAULT NULL,
  `button_link` text COLLATE utf8mb4_unicode_ci,
  `add_by` varchar(255) COLLATE utf8mb4_unicode_ci NOT NULL,
  `created_at` timestamp NULL DEFAULT NULL,
  `updated_at` timestamp NULL DEFAULT NULL,
  PRIMARY KEY (`id`)
) ENGINE=InnoDB AUTO_INCREMENT=5 DEFAULT CHARSET=utf8mb4 COLLATE=utf8mb4_unicode_ci;
/*!40101 SET character_set_client = @saved_cs_client */;

--
-- Dumping data for table `sliders`
--

LOCK TABLES `sliders` WRITE;
/*!40000 ALTER TABLE `sliders` DISABLE KEYS */;
SET autocommit=0;
INSERT INTO `sliders` VALUES (1,'assets/uploads/sliders/31961646486068.jpg','The sky has No limit','Just Like You','Book Now',NULL,'admin','2022-02-26 06:56:02','2022-07-25 11:26:41'),(2,'assets/uploads/sliders/22881646486054.jpg','The sky has No limit','Just Like You','Book Now',NULL,'admin','2022-02-26 07:12:07','2022-07-25 11:26:31'),(4,'assets/uploads/sliders/95891658734607.jpg','The sky has No limit','Just Like You','Book Now',NULL,'Sherif','2022-07-25 09:36:47','2022-07-25 11:27:56');
/*!40000 ALTER TABLE `sliders` ENABLE KEYS */;
UNLOCK TABLES;
COMMIT;

-- Dumped table `sliders` with 3 row(s)
--

--
-- Table structure for table `ticket_rev_models`
--

/*!40101 SET @saved_cs_client     = @@character_set_client */;
/*!40101 SET character_set_client = utf8 */;
CREATE TABLE `ticket_rev_models` (
  `id` bigint(20) unsigned NOT NULL AUTO_INCREMENT,
  `rev_id` bigint(20) unsigned DEFAULT NULL,
  `ticket_id` bigint(20) unsigned DEFAULT NULL,
  `visitor_type_id` bigint(20) unsigned DEFAULT NULL,
  `coupon_num` varchar(255) COLLATE utf8mb4_unicode_ci DEFAULT NULL COMMENT 'will be null if there is no coupon of this model ',
  `day` date DEFAULT NULL,
  `price` double(15,2) DEFAULT '0.00',
  `total_after_discount` double(15,2) NOT NULL DEFAULT '0.00',
  `bracelet_id` bigint(20) unsigned DEFAULT NULL,
  `bracelet_number` varchar(10) COLLATE utf8mb4_unicode_ci DEFAULT NULL,
  `name` varchar(500) COLLATE utf8mb4_unicode_ci DEFAULT NULL,
  `birthday` date DEFAULT NULL,
  `gender` enum('male','female') COLLATE utf8mb4_unicode_ci DEFAULT NULL,
  `status` enum('append','in','out') COLLATE utf8mb4_unicode_ci DEFAULT 'append',
  `top_up_hours` double DEFAULT '0',
  `top_up_price` double(15,2) DEFAULT '0.00',
  `start_at` time DEFAULT NULL,
  `end_at` time DEFAULT NULL,
  `shift_start` time DEFAULT NULL,
  `shift_end` time DEFAULT NULL,
  `temp_status` enum('in','out') COLLATE utf8mb4_unicode_ci DEFAULT 'in',
  `cancel` tinyint(1) NOT NULL DEFAULT '1',
  `created_at` timestamp NULL DEFAULT NULL,
  `updated_at` timestamp NULL DEFAULT NULL,
  PRIMARY KEY (`id`),
  KEY `ticket_rev_models_rev_id_foreign` (`rev_id`),
  KEY `ticket_rev_models_ticket_id_foreign` (`ticket_id`),
  KEY `ticket_rev_models_visitor_type_id_foreign` (`visitor_type_id`),
  KEY `ticket_rev_models_bracelet_id_foreign` (`bracelet_id`),
  CONSTRAINT `rev_id_con` FOREIGN KEY (`rev_id`) REFERENCES `reservations` (`id`) ON DELETE CASCADE ON UPDATE CASCADE,
  CONSTRAINT `ticket_id_con` FOREIGN KEY (`ticket_id`) REFERENCES `tickets` (`id`) ON DELETE CASCADE ON UPDATE CASCADE,
  CONSTRAINT `visitor_type_con` FOREIGN KEY (`visitor_type_id`) REFERENCES `visitor_types` (`id`) ON DELETE CASCADE ON UPDATE CASCADE
) ENGINE=InnoDB AUTO_INCREMENT=133 DEFAULT CHARSET=utf8mb4 COLLATE=utf8mb4_unicode_ci;
/*!40101 SET character_set_client = @saved_cs_client */;

--
-- Dumping data for table `ticket_rev_models`
--

LOCK TABLES `ticket_rev_models` WRITE;
/*!40000 ALTER TABLE `ticket_rev_models` DISABLE KEYS */;
SET autocommit=0;
INSERT INTO `ticket_rev_models` VALUES (124,NULL,43,49,NULL,'2023-01-03',160.00,160.00,NULL,'5435346',NULL,NULL,NULL,'in',0,0.00,'15:15:28',NULL,'15:00:00','17:00:00','in',1,'2023-01-03 13:15:14','2023-01-03 13:15:28'),(125,NULL,43,50,NULL,'2023-01-03',105.00,105.00,NULL,'74767',NULL,NULL,NULL,'in',0,0.00,'15:15:29',NULL,'15:00:00','17:00:00','in',1,'2023-01-03 13:15:14','2023-01-03 13:15:29'),(126,NULL,43,48,NULL,'2023-01-03',205.00,205.00,NULL,'4543534534',NULL,NULL,NULL,'in',0,0.00,'15:15:29',NULL,'15:00:00','17:00:00','in',1,'2023-01-03 13:15:14','2023-01-03 13:15:29'),(127,NULL,44,49,NULL,'2023-01-04',160.00,144.00,NULL,'23423423',NULL,NULL,NULL,'in',0,0.00,'16:05:56',NULL,'16:00:00','18:00:00','in',1,'2023-01-04 14:05:37','2023-01-04 14:05:56'),(128,NULL,44,50,NULL,'2023-01-04',105.00,94.50,NULL,'423423545',NULL,NULL,NULL,'in',0,0.00,'16:05:56',NULL,'16:00:00','18:00:00','in',1,'2023-01-04 14:05:37','2023-01-04 14:05:56'),(129,NULL,44,48,NULL,'2023-01-04',205.00,184.50,NULL,'545345',NULL,NULL,NULL,'in',0,0.00,'16:05:57',NULL,'16:00:00','18:00:00','in',1,'2023-01-04 14:05:37','2023-01-04 14:05:57'),(130,NULL,45,49,NULL,'2023-01-04',160.00,144.00,NULL,'5345345',NULL,NULL,NULL,'in',0,0.00,'16:12:40',NULL,'16:00:00','18:00:00','in',1,'2023-01-04 14:12:24','2023-01-04 14:12:40'),(131,NULL,45,50,NULL,'2023-01-04',105.00,94.50,NULL,'345345345',NULL,NULL,NULL,'in',0,0.00,'16:12:40',NULL,'16:00:00','18:00:00','in',1,'2023-01-04 14:12:24','2023-01-04 14:12:40'),(132,NULL,45,48,NULL,'2023-01-04',0.00,0.00,NULL,'5352353454',NULL,NULL,NULL,'in',0,114.04,'16:12:41',NULL,'16:00:00','18:00:00','in',1,'2023-01-04 14:12:24','2023-01-04 14:16:27');
/*!40000 ALTER TABLE `ticket_rev_models` ENABLE KEYS */;
UNLOCK TABLES;
COMMIT;

-- Dumped table `ticket_rev_models` with 9 row(s)
--

--
-- Table structure for table `ticket_rev_products`
--

/*!40101 SET @saved_cs_client     = @@character_set_client */;
/*!40101 SET character_set_client = utf8 */;
CREATE TABLE `ticket_rev_products` (
  `id` bigint(20) unsigned NOT NULL AUTO_INCREMENT,
  `rev_id` bigint(20) unsigned DEFAULT NULL,
  `ticket_id` bigint(20) unsigned DEFAULT NULL,
  `category_id` bigint(20) unsigned DEFAULT NULL,
  `product_id` bigint(20) unsigned DEFAULT NULL,
  `qty` double DEFAULT '0',
  `price` double DEFAULT '0',
  `total_price` double DEFAULT '0',
  `cancel` tinyint(1) NOT NULL DEFAULT '1',
  `created_at` timestamp NULL DEFAULT NULL,
  `updated_at` timestamp NULL DEFAULT NULL,
  PRIMARY KEY (`id`),
  KEY `ticket_rev_products_rev_id_foreign` (`rev_id`),
  KEY `ticket_rev_products_ticket_id_foreign` (`ticket_id`),
  KEY `ticket_rev_products_category_id_foreign` (`category_id`),
  KEY `ticket_rev_products_product_id_foreign` (`product_id`),
  CONSTRAINT `rev` FOREIGN KEY (`rev_id`) REFERENCES `reservations` (`id`) ON DELETE CASCADE ON UPDATE CASCADE
) ENGINE=InnoDB DEFAULT CHARSET=utf8mb4 COLLATE=utf8mb4_unicode_ci;
/*!40101 SET character_set_client = @saved_cs_client */;

--
-- Dumping data for table `ticket_rev_products`
--

LOCK TABLES `ticket_rev_products` WRITE;
/*!40000 ALTER TABLE `ticket_rev_products` DISABLE KEYS */;
SET autocommit=0;
/*!40000 ALTER TABLE `ticket_rev_products` ENABLE KEYS */;
UNLOCK TABLES;
COMMIT;

-- Dumped table `ticket_rev_products` with 0 row(s)
--

--
-- Table structure for table `tickets`
--

/*!40101 SET @saved_cs_client     = @@character_set_client */;
/*!40101 SET character_set_client = utf8 */;
CREATE TABLE `tickets` (
  `id` bigint(20) unsigned NOT NULL AUTO_INCREMENT,
  `add_by` int(11) DEFAULT NULL,
  `ticket_num` varchar(255) COLLATE utf8mb4_unicode_ci DEFAULT NULL,
  `visit_date` date DEFAULT NULL,
  `shift_id` bigint(20) unsigned DEFAULT NULL,
  `client_id` varchar(50) COLLATE utf8mb4_unicode_ci DEFAULT NULL,
  `hours_count` double DEFAULT '0',
  `total_price` double(15,2) DEFAULT '0.00',
  `total_top_up_hours` double DEFAULT '0',
  `total_top_up_price` double(15,2) DEFAULT '0.00',
  `total_top_down_price` double NOT NULL DEFAULT '0',
  `payment_method` enum('cash','visa','mastercard','Meeza','voucher') COLLATE utf8mb4_unicode_ci NOT NULL DEFAULT 'cash',
  `payment_status` enum('0','1') COLLATE utf8mb4_unicode_ci DEFAULT '1',
  `note` text COLLATE utf8mb4_unicode_ci,
  `discount_type` enum('per','val') COLLATE utf8mb4_unicode_ci DEFAULT 'val',
  `discount_value` double DEFAULT '0',
  `discount_id` bigint(20) DEFAULT NULL,
  `ticket_price` double(15,2) NOT NULL DEFAULT '0.00',
  `ent_tax` double DEFAULT '0',
  `vat` double(15,2) NOT NULL DEFAULT '0.00',
  `grand_total` double(15,2) DEFAULT '0.00',
  `paid_amount` double(15,2) DEFAULT '0.00' COMMENT 'المدفوع',
  `rem_amount` double DEFAULT '0' COMMENT 'المتبقى',
  `status` enum('append','in','out') COLLATE utf8mb4_unicode_ci DEFAULT 'append',
  `uploaded` varchar(5) COLLATE utf8mb4_unicode_ci NOT NULL DEFAULT '0',
  `created_at` timestamp NULL DEFAULT NULL,
  `updated_at` timestamp NULL DEFAULT NULL,
  PRIMARY KEY (`id`),
  KEY `tickets_shift_id_foreign` (`shift_id`),
  CONSTRAINT `tickets_shift_id_foreign` FOREIGN KEY (`shift_id`) REFERENCES `shifts` (`id`) ON DELETE CASCADE
) ENGINE=InnoDB AUTO_INCREMENT=46 DEFAULT CHARSET=utf8mb4 COLLATE=utf8mb4_unicode_ci;
/*!40101 SET character_set_client = @saved_cs_client */;

--
-- Dumping data for table `tickets`
--

LOCK TABLES `tickets` WRITE;
/*!40000 ALTER TABLE `tickets` DISABLE KEYS */;
SET autocommit=0;
INSERT INTO `tickets` VALUES (43,32,'TUE1688581453','2023-01-03',1,'324324234234',2,470.00,0,0.00,0,'cash','1',NULL,'per',0,NULL,412.28,NULL,57.72,470.00,470.00,0,'in','0','2023-01-03 13:15:14','2023-01-03 13:15:28'),(44,32,'WED1689910508','2023-01-04',1,'6546456456',2,470.00,0,0.00,0,'cash','1',NULL,'per',10,19,371.05,NULL,51.95,423.00,423.00,0,'in','0','2023-01-04 14:05:36','2023-01-04 14:05:57'),(45,33,'WED169031154','2023-01-04',1,'5438589395',2,395.00,2,114.04,184.5,'cash','1',NULL,'per',10,19,323.25,NULL,45.25,368.50,368.50,0,'in','0','2023-01-04 14:12:24','2023-01-04 14:16:27');
/*!40000 ALTER TABLE `tickets` ENABLE KEYS */;
UNLOCK TABLES;
COMMIT;

-- Dumped table `tickets` with 3 row(s)
--

--
-- Table structure for table `top_up_prices`
--

/*!40101 SET @saved_cs_client     = @@character_set_client */;
/*!40101 SET character_set_client = utf8 */;
CREATE TABLE `top_up_prices` (
  `id` int(20) NOT NULL AUTO_INCREMENT,
  `type_id` bigint(20) unsigned NOT NULL,
  `1_hours` double DEFAULT '65',
  `2_hours` double DEFAULT '65',
  `3_hours` double DEFAULT '65',
  `4_hours` double DEFAULT '65',
  `5_hours` double DEFAULT '65',
  `uploaded` varchar(5) COLLATE utf8mb4_unicode_ci NOT NULL DEFAULT '1',
  PRIMARY KEY (`id`),
  KEY `user_type_id_foreign` (`type_id`)
) ENGINE=InnoDB AUTO_INCREMENT=50 DEFAULT CHARSET=utf8mb4 COLLATE=utf8mb4_unicode_ci;
/*!40101 SET character_set_client = @saved_cs_client */;

--
-- Dumping data for table `top_up_prices`
--

LOCK TABLES `top_up_prices` WRITE;
/*!40000 ALTER TABLE `top_up_prices` DISABLE KEYS */;
SET autocommit=0;
INSERT INTO `top_up_prices` VALUES (1,11,NULL,NULL,NULL,NULL,NULL,'1'),(2,12,NULL,NULL,NULL,NULL,NULL,'1'),(3,13,NULL,NULL,NULL,NULL,NULL,'1'),(4,14,NULL,NULL,NULL,NULL,NULL,'1'),(5,15,NULL,NULL,NULL,NULL,NULL,'1'),(6,16,NULL,NULL,NULL,NULL,NULL,'1'),(7,17,NULL,NULL,NULL,NULL,NULL,'1'),(8,18,NULL,NULL,NULL,NULL,NULL,'1'),(9,19,NULL,NULL,NULL,NULL,NULL,'1'),(10,20,NULL,NULL,NULL,NULL,NULL,'1'),(11,21,NULL,NULL,NULL,NULL,NULL,'1'),(12,22,NULL,NULL,NULL,NULL,NULL,'1'),(13,23,NULL,NULL,NULL,NULL,NULL,'1'),(14,24,NULL,NULL,NULL,NULL,NULL,'1'),(15,25,NULL,NULL,NULL,NULL,NULL,'1'),(16,26,NULL,NULL,NULL,NULL,NULL,'1'),(17,27,NULL,NULL,NULL,NULL,NULL,'1'),(18,28,NULL,NULL,NULL,NULL,NULL,'1'),(19,29,NULL,NULL,NULL,NULL,NULL,'1'),(20,30,NULL,NULL,NULL,NULL,NULL,'1'),(21,31,NULL,NULL,NULL,NULL,NULL,'1'),(22,32,NULL,NULL,NULL,NULL,NULL,'1'),(23,33,-1,NULL,NULL,NULL,NULL,'1'),(24,34,NULL,NULL,NULL,NULL,NULL,'1'),(25,35,NULL,NULL,NULL,NULL,NULL,'1'),(26,36,NULL,NULL,NULL,NULL,NULL,'1'),(27,37,NULL,NULL,NULL,NULL,NULL,'1'),(28,38,NULL,NULL,NULL,NULL,NULL,'1'),(29,39,NULL,NULL,NULL,NULL,NULL,'1'),(30,40,NULL,NULL,NULL,NULL,NULL,'1'),(34,44,NULL,NULL,NULL,NULL,NULL,'1'),(35,45,NULL,NULL,NULL,NULL,NULL,'1'),(36,46,NULL,NULL,NULL,NULL,NULL,'1'),(37,47,0,0,0,0,0,'1'),(38,48,90,65,65,65,65,'1'),(39,49,70,50,65,65,65,'1'),(40,50,45,35,65,65,65,'1'),(41,51,0,0,0,0,0,'1'),(42,52,0,0,0,0,0,'1'),(43,53,NULL,NULL,NULL,NULL,NULL,'1'),(44,54,NULL,NULL,NULL,NULL,NULL,'1'),(45,55,NULL,NULL,NULL,NULL,NULL,'1'),(46,56,NULL,NULL,NULL,NULL,NULL,'1'),(47,57,NULL,NULL,NULL,NULL,NULL,'1'),(48,58,NULL,NULL,NULL,NULL,NULL,'1'),(49,59,NULL,NULL,NULL,NULL,NULL,'1');
/*!40000 ALTER TABLE `top_up_prices` ENABLE KEYS */;
UNLOCK TABLES;
COMMIT;

-- Dumped table `top_up_prices` with 46 row(s)
--

--
-- Table structure for table `users`
--

/*!40101 SET @saved_cs_client     = @@character_set_client */;
/*!40101 SET character_set_client = utf8 */;
CREATE TABLE `users` (
  `id` bigint(20) unsigned NOT NULL AUTO_INCREMENT,
  `name` varchar(255) COLLATE utf8mb4_unicode_ci DEFAULT NULL,
  `user_name` varchar(255) COLLATE utf8mb4_unicode_ci DEFAULT NULL,
  `password` varchar(255) COLLATE utf8mb4_unicode_ci DEFAULT NULL,
  `photo` varchar(255) COLLATE utf8mb4_unicode_ci DEFAULT NULL,
  `remember_token` varchar(100) COLLATE utf8mb4_unicode_ci DEFAULT NULL,
  `created_at` timestamp NULL DEFAULT NULL,
  `updated_at` timestamp NULL DEFAULT NULL,
  `uploaded` varchar(5) COLLATE utf8mb4_unicode_ci NOT NULL DEFAULT '0',
  PRIMARY KEY (`id`),
  UNIQUE KEY `users_user_name_unique` (`user_name`)
) ENGINE=InnoDB AUTO_INCREMENT=34 DEFAULT CHARSET=utf8mb4 COLLATE=utf8mb4_unicode_ci;
/*!40101 SET character_set_client = @saved_cs_client */;

--
-- Dumping data for table `users`
--

LOCK TABLES `users` WRITE;
/*!40000 ALTER TABLE `users` DISABLE KEYS */;
SET autocommit=0;
INSERT INTO `users` VALUES (17,'dev_r','dev_app','$2y$10$kWwIKtKs8mkjCG1m1TmNNePxelg48TEkZ/oi5AX1/It3BBbvhvMga',NULL,NULL,'2022-02-23 11:19:50','2022-12-01 09:01:07','1'),(23,'Hader','Hader','$2y$10$yPizuf7KIgtfAxvhJYRd8OSl6HzOw2p336ctDCpZkuVIkT4C3F8n2','assets/uploads/users/13941667301074.png',NULL,'2022-11-01 13:11:14','2022-12-01 09:01:07','1'),(24,'Nourhan','Nourhan','$2y$10$2i9piAY4Y9AR3G4f3C.ynOxXxd7O5M4NGNmXziFsdRQEA3mW5Kfui','assets/uploads/users/99921667301520.png',NULL,'2022-11-01 13:18:40','2022-12-01 09:01:07','1'),(25,'Aya','Aya','$2y$10$0/6MPeCEe0voYhwvZ8oFruIbT.xJYUczel0GzIEX73Ukz44jPQy6O','assets/uploads/users/28881667301867.png',NULL,'2022-11-01 13:24:27','2022-12-01 09:01:07','1'),(26,'Mariam','Mariam','$2y$10$Hm8f5zMlVb1clTDOXqLQn.bbfrkPZcUFPKhf8dx2/rZSDcRlRYb7O','assets/uploads/users/87291667301948.png',NULL,'2022-11-01 13:25:48','2022-12-01 09:01:07','1'),(27,'Sameh','Sameh','$2y$10$3/HSG8xNbYG1Xp/40OPxcedjZrnbSDU3eUcs2hIFrK0evkjTl2y8W',NULL,NULL,'2022-11-01 13:27:19','2022-12-01 09:01:07','1'),(28,'Hossam','Hossam','$2y$10$giw7n2.nKhJHUg24NNSaaeWn9oYrOd049yGQIhUaNdHHV0/db7xJ2',NULL,NULL,'2022-11-01 14:02:36','2022-12-01 09:01:07','1'),(32,'admin','admin_app','$2y$10$/jxT18iWqvMy5aakWPamW.jXl8kDMmW1KlP.0ln66/o4ik/rKR/RG',NULL,NULL,'2022-12-01 14:09:05','2022-12-01 14:09:05','1'),(33,'call','val_app','$2y$10$pYnSmJTSwfv.Zsz9rk30hOTI8LVouiC4IVz5u8GannbRgq2p7gpqS',NULL,NULL,'2023-01-04 14:10:31','2023-01-04 14:10:31','0');
/*!40000 ALTER TABLE `users` ENABLE KEYS */;
UNLOCK TABLES;
COMMIT;

-- Dumped table `users` with 9 row(s)
--

--
-- Table structure for table `visitor_types`
--

/*!40101 SET @saved_cs_client     = @@character_set_client */;
/*!40101 SET character_set_client = utf8 */;
CREATE TABLE `visitor_types` (
  `id` bigint(20) unsigned NOT NULL AUTO_INCREMENT,
  `title` varchar(500) COLLATE utf8mb4_unicode_ci DEFAULT NULL,
  `event_id` bigint(20) DEFAULT NULL,
  `photo` varchar(500) COLLATE utf8mb4_unicode_ci DEFAULT NULL,
  `1_hours` double DEFAULT NULL,
  `2_hours` double DEFAULT NULL,
  `3_hours` double DEFAULT NULL,
  `4_hours` double DEFAULT NULL,
  `5_hours` double DEFAULT NULL,
  `created_at` timestamp NULL DEFAULT NULL,
  `updated_at` timestamp NULL DEFAULT NULL,
  `uploaded` varchar(5) COLLATE utf8mb4_unicode_ci NOT NULL DEFAULT '0',
  PRIMARY KEY (`id`)
) ENGINE=InnoDB AUTO_INCREMENT=73 DEFAULT CHARSET=utf8mb4 COLLATE=utf8mb4_unicode_ci;
/*!40101 SET character_set_client = @saved_cs_client */;

--
-- Dumping data for table `visitor_types`
--

LOCK TABLES `visitor_types` WRITE;
/*!40000 ALTER TABLE `visitor_types` DISABLE KEYS */;
SET autocommit=0;
INSERT INTO `visitor_types` VALUES (47,'Adult',0,'assets/uploads/visitors/97681665580573.png',0,0,0,0,0,'2022-09-28 12:45:49','2022-10-12 15:16:13','1'),(48,'Kid',0,'assets/uploads/visitors/64911665579883.JPG',115,205,270,335,400,'2022-09-28 14:59:26','2022-10-12 15:04:43','1'),(49,'2_Sibiling',0,'assets/uploads/visitors/49681665580880.png',90,160,210,275,340,'2022-09-28 16:58:17','2022-10-12 15:21:20','1'),(50,'3_Sibiling',0,'assets/uploads/visitors/39031665580855.png',60,105,140,205,270,'2022-10-04 12:29:17','2022-10-19 16:58:54','1'),(51,'Extra_Adult',0,'assets/uploads/visitors/71171665580730.png',110,110,110,110,110,'2022-10-12 15:18:50','2022-10-12 15:19:00','1'),(52,'Toddler',0,'assets/uploads/visitors/15421665581281.JPG',65,65,65,65,65,'2022-10-12 15:28:01','2022-10-12 15:28:01','1'),(53,'Sch_Kid',4,'assets/uploads/visitors/4551665581881.JPG',1000,165,185,1000,1000,'2022-10-12 15:38:01','2022-10-12 15:38:14','1'),(54,'Sch_Adult',4,'assets/uploads/visitors/48711666008194.jfif',0,0,0,0,0,'2022-10-17 14:03:14','2022-10-17 14:06:34','1'),(55,'Sch_Extra_Adult',4,'assets/uploads/visitors/82771666008242.jfif',10000,110,10000,10000,10000,'2022-10-17 14:04:02','2022-10-17 14:07:35','1'),(56,'BD_Kid',1,'assets/uploads/visitors/52211666008368.jpg',1000,285,285,1000,1000,'2022-10-17 14:06:08','2022-11-01 12:41:34','1'),(57,'BD_Adult_drink_125',1,'assets/uploads/visitors/12541666008535.jpg',10000,125,125,10000,10000,'2022-10-17 14:08:55','2022-10-19 17:50:33','1'),(58,'Adult_BD',1,'assets/uploads/visitors/14251666194730.jpg',1000,95,95,1000,1000,'2022-10-19 17:52:10','2022-10-19 17:52:10','1'),(59,'Sch_Kid_New',4,'assets/uploads/visitors/15101667389674.JPG',10000,185,195,10000,10000,'2022-11-02 13:47:54','2022-11-02 13:47:54','1'),(72,'Sch_Kid_New',4,NULL,10000,185,195,10000,10000,'2022-12-01 15:33:49','2022-12-01 15:33:49','1');
/*!40000 ALTER TABLE `visitor_types` ENABLE KEYS */;
UNLOCK TABLES;
COMMIT;

-- Dumped table `visitor_types` with 14 row(s)
--

/*!40103 SET TIME_ZONE=@OLD_TIME_ZONE */;
/*!40101 SET SQL_MODE=@OLD_SQL_MODE */;
/*!40014 SET FOREIGN_KEY_CHECKS=@OLD_FOREIGN_KEY_CHECKS */;
/*!40014 SET UNIQUE_CHECKS=@OLD_UNIQUE_CHECKS */;
/*!40101 SET CHARACTER_SET_CLIENT=@OLD_CHARACTER_SET_CLIENT */;
/*!40101 SET CHARACTER_SET_RESULTS=@OLD_CHARACTER_SET_RESULTS */;
/*!40101 SET COLLATION_CONNECTION=@OLD_COLLATION_CONNECTION */;
/*!40111 SET SQL_NOTES=@OLD_SQL_NOTES */;

-- Dump completed on: Wed, 04 Jan 2023 16:16:43 +0200
